customer_id,product_id,product_views,cart_additions,wishlist_additions,previous_purchases,time_spent,purchased
1,1,5,1,1,0,174.0,0
1,2,0,0,1,1,22.3,0
1,3,1,0,0,3,14.1,1
1,4,4,1,0,0,58.8,1
1,5,2,2,0,0,19.9,1
1,6,7,1,0,0,104.6,1
1,7,0,0,0,0,59.0,0
1,8,3,1,0,0,77.1,0
1,9,0,0,0,0,86.4,0
1,10,6,1,1,0,65.7,0
1,11,1,1,0,0,47.1,0
1,12,4,1,0,1,33.1,1
1,13,0,0,0,0,28.1,1
1,14,3,0,0,0,66.6,0
1,15,3,0,0,0,34.4,1
1,16,0,0,0,0,64.0,1
1,17,7,2,0,0,51.8,1
1,18,0,0,0,0,25.8,0
1,19,6,1,0,0,38.3,0
1,20,7,2,0,1,70.1,1
1,21,1,1,0,0,39.2,0
1,22,0,0,0,2,50.3,0
1,23,3,1,0,1,37.5,1
1,24,4,1,0,0,21.3,1
1,25,6,0,0,0,79.3,0
1,26,1,1,0,0,84.1,0
1,27,5,1,0,0,82.1,1
1,28,0,0,0,3,62.3,1
1,29,8,2,0,0,94.2,0
1,30,2,1,0,0,65.3,1
1,31,8,2,0,0,89.8,1
1,32,6,1,0,0,52.0,1
1,33,3,1,0,3,40.1,0
1,34,5,1,0,0,80.6,1
1,35,8,2,0,0,61.9,1
1,36,0,1,0,0,37.0,1
1,37,3,0,0,0,25.3,0
1,38,3,1,0,0,58.5,0
1,39,1,1,0,0,43.3,1
1,40,5,1,0,0,53.5,0
1,41,1,1,0,0,45.0,1
1,42,8,2,0,8,75.4,1
1,43,6,1,0,0,53.7,0
1,44,5,2,0,2,68.7,1
1,45,3,2,0,0,69.0,0
1,46,5,0,0,0,59.9,0
1,47,0,0,0,0,80.8,0
1,48,1,0,0,2,109.1,1
1,49,4,1,0,0,159.3,1
1,50,2,1,0,5,26.2,1
1,51,0,1,0,0,3.5,0
1,52,2,0,0,0,113.4,0
1,53,7,0,0,0,57.2,1
1,54,4,1,0,0,26.6,1
1,55,8,1,0,0,53.9,1
1,56,1,0,0,0,30.5,0
1,57,1,0,0,0,16.6,0
1,58,7,2,0,0,167.1,1
1,59,5,2,0,0,93.2,0
1,60,3,0,0,3,86.6,0
2,1,4,2,0,0,57.5,1
2,2,5,1,0,0,88.1,1
2,3,1,0,0,0,40.9,0
2,4,6,2,0,0,76.9,1
2,5,6,1,0,0,110.6,0
2,6,0,0,0,1,12.3,0
2,7,5,1,0,0,65.8,1
2,8,8,2,1,0,57.3,1
2,9,5,0,0,0,50.3,0
2,10,0,0,0,0,51.2,0
2,11,2,1,0,0,44.5,0
2,12,5,0,0,0,80.0,0
2,13,1,0,0,0,28.9,0
2,14,0,0,0,2,17.9,1
2,15,4,0,0,0,93.5,0
2,16,2,1,0,0,55.6,1
2,17,7,2,0,0,78.6,1
2,18,6,1,0,2,99.0,1
2,19,2,1,0,1,21.3,1
2,20,0,0,0,0,57.1,0
2,21,0,0,0,0,21.9,0
2,22,8,2,0,0,62.8,1
2,23,8,1,0,0,51.5,0
2,24,3,2,0,0,48.4,1
2,25,8,1,1,0,71.4,1
2,26,4,0,0,0,80.7,0
2,27,4,1,0,0,47.8,0
2,28,3,0,0,0,44.5,0
2,29,8,1,0,0,89.4,1
2,30,1,0,0,0,20.7,1
2,31,3,2,0,0,37.2,0
2,32,8,1,1,1,81.5,1
2,33,2,0,1,0,58.5,0
2,34,6,2,0,0,66.9,1
2,35,2,0,0,0,26.0,0
2,36,3,0,0,0,23.9,0
2,37,6,1,1,0,77.0,0
2,38,6,2,1,2,53.5,1
2,39,2,0,0,0,49.9,0
2,40,1,0,0,0,60.9,0
2,41,5,2,0,3,46.3,0
2,42,3,1,0,0,41.3,1
2,43,0,1,0,0,58.0,1
2,44,4,1,0,2,78.9,0
2,45,7,0,0,1,60.7,0
2,46,8,2,0,0,80.7,1
2,47,2,0,0,0,100.9,1
2,48,8,2,1,0,56.5,1
2,49,3,1,0,0,24.8,1
2,50,6,1,1,0,130.1,1
2,51,6,1,0,0,113.7,1
2,52,7,0,0,1,57.1,1
2,53,2,0,0,0,51.9,0
2,54,4,2,0,0,86.5,0
2,55,2,1,0,0,66.6,0
2,56,0,0,0,0,94.6,0
2,57,3,0,0,0,22.4,1
2,58,6,1,0,3,62.1,1
2,59,4,0,0,0,74.9,0
2,60,4,1,0,0,158.3,1
3,1,6,2,0,3,58.1,1
3,2,0,0,0,0,47.3,0
3,3,2,0,0,0,36.6,0
3,4,1,1,0,0,68.0,0
3,5,8,2,0,0,49.2,1
3,6,1,1,1,0,18.4,0
3,7,8,2,0,0,129.6,1
3,8,5,2,0,0,73.4,1
3,9,1,0,0,3,58.3,1
3,10,4,1,0,0,46.1,1
3,11,1,0,0,0,69.4,0
3,12,8,0,0,2,48.2,1
3,13,6,2,0,0,65.8,1
3,14,5,0,0,0,130.5,1
3,15,0,0,1,0,19.7,0
3,16,5,2,1,0,49.0,0
3,17,1,1,0,3,50.9,1
3,18,0,0,0,2,23.4,0
3,19,5,2,1,0,122.1,1
3,20,4,1,0,0,30.8,0
3,21,1,0,0,0,26.5,0
3,22,0,0,0,0,88.1,0
3,23,7,2,0,0,47.3,1
3,24,7,2,0,0,71.8,1
3,25,2,1,0,3,44.0,1
3,26,8,2,0,0,115.5,1
3,27,5,1,0,5,41.7,0
3,28,8,2,0,0,150.1,1
3,29,5,1,0,0,51.6,1
3,30,8,2,0,0,186.8,1
3,31,0,0,0,0,0.3,0
3,32,5,1,0,0,37.9,0
3,33,3,1,0,0,36.1,0
3,34,5,1,0,0,111.6,0
3,35,2,1,0,3,24.6,1
3,36,3,0,0,2,60.4,0
3,37,3,0,0,0,42.1,0
3,38,4,2,0,0,27.0,1
3,39,8,2,1,0,92.0,1
3,40,0,0,0,0,48.1,0
3,41,5,1,0,0,70.4,0
3,42,6,1,0,0,43.5,1
3,43,7,2,0,0,152.2,1
3,44,8,0,0,0,95.9,0
3,45,4,0,0,1,68.0,0
3,46,7,2,0,0,57.2,1
3,47,8,2,0,0,103.4,1
3,48,4,1,0,0,81.5,0
3,49,5,1,1,0,45.2,1
3,50,6,1,0,0,77.1,0
3,51,6,2,0,0,75.0,1
3,52,6,1,0,0,67.8,0
3,53,0,0,0,0,44.2,0
3,54,4,0,0,5,73.7,1
3,55,7,1,1,0,57.5,1
3,56,7,2,1,0,72.8,1
3,57,1,0,0,0,23.6,0
3,58,3,2,0,2,142.7,1
3,59,8,1,0,2,197.2,0
3,60,5,1,0,0,38.0,0
4,1,7,2,0,0,90.4,1
4,2,2,0,0,0,82.4,0
4,3,1,0,0,0,18.7,0
4,4,6,2,0,0,83.3,1
4,5,1,0,0,0,78.9,0
4,6,6,0,0,0,107.1,0
4,7,0,0,0,0,48.2,0
4,8,7,2,0,0,109.4,1
4,9,6,2,0,0,61.0,1
4,10,1,0,1,0,45.4,0
4,11,4,1,0,0,54.3,1
4,12,2,1,0,0,36.3,1
4,13,1,0,0,0,60.4,0
4,14,7,1,1,0,116.6,1
4,15,6,1,0,0,60.5,1
4,16,8,1,1,0,93.1,1
4,17,1,0,0,0,109.5,0
4,18,3,1,1,0,53.1,0
4,19,0,0,0,0,70.8,0
4,20,3,0,1,0,41.8,0
4,21,3,0,0,0,149.6,1
4,22,6,2,0,0,69.9,0
4,23,7,1,0,0,51.2,0
4,24,8,2,0,0,139.8,0
4,25,2,2,0,0,63.6,0
4,26,7,2,1,0,45.2,1
4,27,2,0,0,0,17.5,0
4,28,2,0,0,0,39.9,0
4,29,0,0,0,0,46.9,0
4,30,3,0,0,1,24.0,0
4,31,3,1,0,0,57.0,0
4,32,2,0,1,0,37.5,0
4,33,3,1,0,0,53.0,1
4,34,6,2,1,0,186.4,1
4,35,5,2,0,0,57.3,0
4,36,5,2,0,0,29.3,1
4,37,1,0,0,0,104.3,1
4,38,7,2,0,0,60.5,1
4,39,0,0,0,0,16.1,1
4,40,3,1,0,0,51.9,1
4,41,7,2,0,0,46.7,1
4,42,2,0,0,0,14.4,0
4,43,4,1,1,0,120.0,0
4,44,7,1,0,0,109.9,0
4,45,6,0,0,0,136.1,0
4,46,6,2,0,0,50.5,1
4,47,8,2,1,0,87.0,1
4,48,7,2,0,0,55.6,0
4,49,8,2,0,0,56.0,1
4,50,1,1,0,0,26.9,1
4,51,0,0,0,0,34.4,0
4,52,0,0,0,0,54.7,0
4,53,2,0,0,0,89.1,0
4,54,1,0,0,3,24.6,1
4,55,8,2,0,0,59.1,0
4,56,1,0,0,0,59.2,0
4,57,5,2,0,2,39.7,1
4,58,8,2,0,0,99.7,1
4,59,0,0,0,2,98.3,0
4,60,0,0,0,0,23.7,0
5,1,1,0,0,0,11.6,1
5,2,1,1,0,2,97.0,1
5,3,0,0,0,1,25.4,0
5,4,4,0,0,0,104.2,0
5,5,6,2,0,0,41.6,0
5,6,7,1,1,0,53.9,0
5,7,5,0,0,0,55.4,0
5,8,0,0,0,0,6.4,0
5,9,0,0,0,0,82.2,1
5,10,1,1,0,0,22.3,0
5,11,0,1,0,0,83.6,0
5,12,2,1,0,0,77.7,0
5,13,1,0,0,0,11.0,0
5,14,8,2,0,0,86.0,1
5,15,5,2,0,0,78.8,1
5,16,1,2,0,2,51.1,1
5,17,3,0,0,0,16.9,0
5,18,6,1,0,0,87.9,0
5,19,3,1,0,0,21.8,0
5,20,6,2,0,3,45.2,1
5,21,0,0,0,0,108.5,1
5,22,7,1,0,1,51.5,0
5,23,8,2,0,0,120.4,0
5,24,8,2,1,0,130.3,1
5,25,5,2,0,0,73.0,0
5,26,2,0,1,0,107.4,0
5,27,8,2,1,0,90.4,0
5,28,4,1,0,0,46.4,0
5,29,4,2,0,0,60.7,1
5,30,8,1,0,0,145.5,1
5,31,1,0,0,2,86.4,0
5,32,2,0,0,0,67.0,0
5,33,3,1,0,3,84.6,0
5,34,0,0,0,0,50.3,0
5,35,8,1,1,0,127.7,1
5,36,6,2,0,0,93.5,0
5,37,8,1,0,3,74.2,1
5,38,2,1,0,0,90.3,0
5,39,6,1,0,0,48.6,0
5,40,7,1,1,0,41.7,1
5,41,8,2,0,0,45.4,1
5,42,2,1,0,0,32.0,0
5,43,6,1,0,0,119.7,0
5,44,5,2,0,0,86.5,1
5,45,6,2,0,0,97.0,1
5,46,0,0,0,2,43.1,0
5,47,1,0,0,2,19.4,0
5,48,0,0,0,0,38.9,0
5,49,4,1,0,0,106.7,1
5,50,4,2,0,1,146.0,1
5,51,3,1,0,0,27.6,1
5,52,5,2,0,0,80.0,1
5,53,8,1,0,1,89.0,1
5,54,8,2,1,0,111.1,0
5,55,7,2,0,2,39.0,1
5,56,1,1,0,2,42.5,0
5,57,7,2,1,0,160.5,1
5,58,8,2,0,3,55.5,1
5,59,7,2,0,0,65.4,1
5,60,4,0,0,0,103.4,1
6,1,8,0,0,0,74.1,0
6,2,0,1,0,0,32.4,0
6,3,6,1,0,0,45.9,0
6,4,2,0,1,0,89.8,0
6,5,2,2,0,0,48.8,1
6,6,3,0,0,0,88.3,0
6,7,1,0,0,0,22.3,0
6,8,5,1,0,2,96.4,0
6,9,6,2,0,0,49.2,1
6,10,3,0,0,0,73.0,0
6,11,0,0,0,0,19.1,0
6,12,4,0,0,3,46.6,1
6,13,7,1,1,0,40.2,0
6,14,2,0,0,0,18.7,0
6,15,6,0,0,0,51.0,1
6,16,1,0,0,2,40.9,0
6,17,1,0,1,0,27.3,1
6,18,6,2,0,0,63.4,0
6,19,2,0,0,0,95.3,0
6,20,6,1,1,2,80.1,1
6,21,2,0,0,1,47.9,1
6,22,4,1,0,0,145.7,0
6,23,0,0,0,0,71.7,0
6,24,2,1,0,0,72.4,1
6,25,3,1,0,1,93.7,0
6,26,8,1,0,0,133.1,1
6,27,0,0,0,0,6.6,0
6,28,2,0,0,7,95.9,0
6,29,0,0,0,3,35.9,1
6,30,5,1,0,0,117.4,1
6,31,4,2,0,0,44.0,0
6,32,6,0,0,0,76.1,0
6,33,3,1,0,0,75.8,1
6,34,5,1,0,2,134.0,0
6,35,4,0,1,0,46.1,0
6,36,6,0,0,0,40.8,1
6,37,7,2,0,0,77.1,0
6,38,1,0,0,0,26.2,0
6,39,0,0,0,0,4.1,0
6,40,3,1,0,0,78.0,1
6,41,1,0,0,0,31.9,1
6,42,8,2,0,0,76.1,1
6,43,5,1,0,0,79.8,0
6,44,8,2,1,1,112.1,1
6,45,4,0,0,0,85.2,0
6,46,5,0,0,0,76.1,0
6,47,1,0,0,0,72.2,0
6,48,1,0,0,0,44.2,0
6,49,0,1,0,0,18.7,0
6,50,5,1,0,0,57.9,1
6,51,2,1,0,0,33.8,1
6,52,8,1,0,0,46.4,1
6,53,8,0,0,0,84.6,0
6,54,7,2,0,0,142.5,1
6,55,6,2,0,0,41.9,1
6,56,0,0,0,0,83.4,0
6,57,7,1,1,0,59.8,0
6,58,6,2,1,0,162.7,1
6,59,6,1,0,1,33.3,1
6,60,6,1,0,0,50.6,0
7,1,1,0,0,0,28.3,0
7,2,4,1,0,0,177.8,0
7,3,0,0,1,0,52.9,1
7,4,7,2,1,0,178.9,1
7,5,2,0,0,0,57.5,0
7,6,4,1,0,1,77.2,1
7,7,2,0,0,0,49.8,0
7,8,0,0,0,0,64.4,0
7,9,7,2,1,0,59.4,1
7,10,2,0,0,0,65.0,0
7,11,2,1,1,0,101.8,0
7,12,6,1,0,0,60.2,1
7,13,4,1,0,0,35.6,0
7,14,4,2,0,0,49.0,1
7,15,2,1,0,0,55.7,1
7,16,7,2,1,0,63.8,0
7,17,1,1,0,2,47.0,0
7,18,6,1,1,0,60.5,1
7,19,7,1,0,0,62.3,0
7,20,5,0,1,0,28.6,0
7,21,3,1,1,6,30.1,1
7,22,4,0,0,1,96.0,1
7,23,8,2,0,0,68.5,1
7,24,8,2,0,0,59.5,0
7,25,2,0,0,0,24.1,0
7,26,6,2,0,1,47.8,1
7,27,2,0,0,0,49.4,1
7,28,4,1,0,0,57.8,0
7,29,0,0,0,0,33.4,0
7,30,0,0,0,1,15.4,0
7,31,0,0,0,0,71.7,0
7,32,1,0,0,0,34.0,1
7,33,8,1,0,0,87.2,0
7,34,4,2,0,0,72.9,1
7,35,4,0,0,0,36.0,0
7,36,8,0,0,0,55.7,0
7,37,5,1,0,0,41.5,1
7,38,6,2,0,0,41.5,1
7,39,8,2,0,0,54.2,1
7,40,5,1,0,1,39.8,1
7,41,1,0,0,0,70.6,0
7,42,2,1,0,1,75.7,1
7,43,2,0,0,0,25.9,0
7,44,6,1,0,1,73.8,1
7,45,7,2,0,0,123.2,1
7,46,8,2,1,0,136.4,0
7,47,1,0,0,0,61.0,0
7,48,5,2,0,3,112.6,1
7,49,0,0,0,0,86.1,0
7,50,3,1,0,0,44.7,0
7,51,2,0,0,0,46.7,0
7,52,5,1,0,0,111.4,1
7,53,4,1,0,0,35.1,0
7,54,7,1,1,0,73.1,1
7,55,7,1,0,2,50.4,0
7,56,0,0,0,0,41.8,0
7,57,0,1,0,0,32.4,0
7,58,3,1,0,0,64.7,1
7,59,2,1,1,0,109.8,0
7,60,8,2,1,0,69.9,1
8,1,4,1,1,0,66.3,1
8,2,5,1,1,1,68.2,1
8,3,3,2,0,0,28.6,0
8,4,3,0,0,0,57.8,0
8,5,0,0,0,0,13.0,0
8,6,5,0,0,0,62.0,0
8,7,0,0,0,1,79.8,1
8,8,2,0,0,0,100.1,0
8,9,4,1,0,0,45.9,0
8,10,5,1,0,2,64.6,1
8,11,8,1,0,0,78.7,1
8,12,1,0,0,0,64.7,0
8,13,7,2,0,0,40.2,1
8,14,0,0,0,0,75.8,0
8,15,3,1,0,0,96.4,1
8,16,8,1,0,0,60.3,1
8,17,5,1,1,0,40.0,1
8,18,3,0,0,0,112.2,0
8,19,6,0,1,0,80.1,0
8,20,3,0,0,1,30.2,0
8,21,4,0,0,0,71.2,0
8,22,6,2,1,0,42.6,1
8,23,7,1,0,0,132.5,1
8,24,7,2,0,0,42.2,1
8,25,3,2,1,0,94.8,1
8,26,7,1,0,0,95.3,1
8,27,8,2,0,0,70.8,0
8,28,0,0,0,0,31.0,0
8,29,6,1,0,0,90.2,1
8,30,7,2,1,0,97.0,1
8,31,6,0,0,0,58.0,0
8,32,2,0,0,0,77.8,0
8,33,0,0,0,0,67.5,0
8,34,3,2,0,0,63.5,1
8,35,5,0,1,0,76.4,0
8,36,8,1,0,0,174.3,1
8,37,6,2,0,0,42.4,0
8,38,6,2,1,0,126.7,1
8,39,1,1,0,0,55.1,0
8,40,2,0,0,0,30.6,0
8,41,8,1,0,0,220.7,0
8,42,3,1,0,0,38.9,0
8,43,2,0,0,0,50.2,0
8,44,1,1,0,0,72.4,0
8,45,1,0,0,2,20.5,0
8,46,6,2,0,2,51.5,1
8,47,0,0,0,0,140.5,0
8,48,3,0,0,0,43.2,0
8,49,8,1,0,0,53.7,1
8,50,1,1,0,0,84.6,0
8,51,5,2,0,0,48.2,0
8,52,3,0,0,0,134.9,0
8,53,4,1,0,0,72.1,1
8,54,7,2,0,0,88.9,1
8,55,4,1,0,0,93.8,0
8,56,1,0,0,0,67.9,0
8,57,2,1,0,0,48.4,1
8,58,5,1,1,0,77.7,1
8,59,7,2,1,0,112.2,1
8,60,1,0,0,0,51.5,0
9,1,4,0,0,0,58.8,1
9,2,6,1,0,0,79.1,1
9,3,2,0,0,0,49.4,0
9,4,5,0,0,0,70.2,1
9,5,4,0,0,0,46.7,0
9,6,8,2,1,0,118.4,1
9,7,6,2,0,0,67.0,0
9,8,4,1,0,0,38.1,0
9,9,3,2,0,0,20.1,0
9,10,8,2,0,3,74.8,0
9,11,6,1,1,0,186.0,0
9,12,3,2,0,0,29.4,1
9,13,8,2,0,0,78.1,1
9,14,1,0,0,0,137.2,0
9,15,0,0,0,3,4.4,0
9,16,2,0,1,3,63.7,0
9,17,2,0,0,0,36.3,0
9,18,1,0,1,0,34.5,0
9,19,3,0,0,0,34.0,0
9,20,2,1,0,0,41.9,0
9,21,0,0,0,0,124.2,0
9,22,5,2,0,0,66.4,0
9,23,8,1,0,0,52.2,1
9,24,7,2,0,0,103.5,0
9,25,1,0,0,0,35.3,0
9,26,5,2,0,0,32.5,0
9,27,8,0,0,0,76.1,0
9,28,3,1,0,0,42.0,0
9,29,6,2,0,0,43.9,1
9,30,7,2,0,0,69.7,0
9,31,7,2,0,0,129.2,1
9,32,4,1,1,0,33.2,0
9,33,8,2,0,0,104.8,1
9,34,0,0,0,0,32.4,0
9,35,1,0,0,0,16.1,0
9,36,6,0,0,0,87.5,0
9,37,5,1,0,0,213.6,0
9,38,3,1,1,0,29.9,1
9,39,0,0,0,0,97.0,0
9,40,1,0,0,0,39.1,0
9,41,1,1,0,0,28.0,0
9,42,0,0,0,0,49.2,0
9,43,1,1,0,0,74.4,0
9,44,0,1,0,0,12.4,0
9,45,3,0,0,0,29.9,0
9,46,4,1,1,0,59.6,0
9,47,3,0,0,2,24.7,1
9,48,7,2,1,0,79.3,0
9,49,4,2,0,0,27.0,0
9,50,4,0,0,0,112.1,1
9,51,2,2,0,3,75.3,1
9,52,2,0,0,0,35.6,0
9,53,3,0,0,0,56.5,0
9,54,8,1,0,1,150.3,1
9,55,1,0,0,0,29.0,0
9,56,7,2,0,0,148.9,1
9,57,5,1,1,0,127.9,0
9,58,2,0,0,0,15.2,0
9,59,2,1,0,0,85.3,0
9,60,8,2,0,3,104.0,0
10,1,5,1,0,0,71.7,0
10,2,8,2,0,0,117.2,1
10,3,2,1,0,0,88.0,0
10,4,0,0,0,1,50.3,0
10,5,4,2,1,0,38.2,1
10,6,0,1,0,0,45.7,0
10,7,8,2,0,3,84.7,1
10,8,3,1,0,2,59.9,1
10,9,7,1,0,0,61.9,0
10,10,5,2,0,2,46.0,1
10,11,5,1,0,5,146.8,1
10,12,4,1,0,0,29.3,0
10,13,4,2,0,3,46.8,1
10,14,6,1,0,0,51.8,0
10,15,5,2,1,0,87.8,1
10,16,0,0,0,0,66.0,0
10,17,5,1,1,0,64.9,0
10,18,2,0,0,3,48.4,1
10,19,7,2,0,0,108.9,0
10,20,5,2,0,1,88.8,0
10,21,0,1,0,0,25.7,0
10,22,5,2,1,0,35.1,1
10,23,2,0,0,0,85.9,0
10,24,6,1,0,0,69.1,1
10,25,7,1,0,0,64.0,0
10,26,1,0,0,4,116.9,0
10,27,1,1,0,3,18.0,1
10,28,8,2,0,0,71.2,1
10,29,3,1,0,0,54.0,0
10,30,3,0,0,0,39.6,1
10,31,3,1,1,0,34.7,0
10,32,4,2,1,0,25.8,1
10,33,1,0,0,0,10.6,0
10,34,3,1,0,0,28.7,0
10,35,8,1,0,0,94.5,0
10,36,1,0,0,0,16.5,0
10,37,4,0,0,0,127.8,1
10,38,5,0,0,1,54.1,0
10,39,0,1,0,0,25.5,1
10,40,6,1,1,0,48.2,1
10,41,4,2,0,0,132.5,0
10,42,2,1,0,0,83.7,0
10,43,0,0,0,0,31.2,0
10,44,7,2,0,1,81.5,1
10,45,7,2,0,0,68.9,1
10,46,7,2,0,0,77.7,1
10,47,4,1,0,5,42.4,1
10,48,0,0,0,0,25.9,0
10,49,0,0,0,0,63.8,0
10,50,1,0,0,1,38.8,0
10,51,0,1,0,0,23.0,0
10,52,7,2,0,5,47.4,1
10,53,3,0,0,0,68.5,0
10,54,5,0,1,0,62.5,1
10,55,3,1,0,2,52.1,0
10,56,1,0,0,0,40.9,0
10,57,7,2,0,0,55.7,1
10,58,7,2,0,0,129.4,1
10,59,2,0,0,3,41.7,0
10,60,7,1,1,0,47.7,0
11,1,8,2,0,0,118.6,1
11,2,5,1,1,0,44.9,1
11,3,4,0,0,0,58.6,0
11,4,8,2,0,0,55.3,1
11,5,3,1,1,0,79.8,0
11,6,7,0,0,0,83.6,0
11,7,4,0,0,0,61.9,0
11,8,6,1,0,0,41.1,1
11,9,0,0,0,0,18.9,1
11,10,1,0,0,0,33.5,0
11,11,6,1,0,0,98.1,0
11,12,2,1,0,0,31.2,0
11,13,7,1,0,0,47.3,1
11,14,6,1,0,1,79.3,1
11,15,3,2,1,0,28.4,0
11,16,8,2,0,0,51.5,1
11,17,3,0,0,0,58.6,1
11,18,1,1,0,0,30.2,0
11,19,5,2,1,0,72.4,1
11,20,0,0,0,0,14.8,0
11,21,5,1,0,0,79.0,1
11,22,3,1,0,0,72.6,1
11,23,5,1,0,0,78.6,0
11,24,2,0,0,0,71.5,0
11,25,5,0,0,0,142.3,0
11,26,8,1,0,0,95.5,1
11,27,4,0,0,0,47.1,0
11,28,3,2,0,2,42.2,0
11,29,4,0,0,0,52.9,0
11,30,7,1,0,0,120.7,1
11,31,5,0,1,0,115.0,0
11,32,8,1,0,0,79.2,1
11,33,0,0,0,0,65.3,0
11,34,7,2,0,0,117.9,0
11,35,7,1,0,0,73.4,0
11,36,0,1,0,3,40.6,0
11,37,2,1,0,1,105.7,0
11,38,1,0,0,0,7.8,0
11,39,0,0,0,0,24.5,0
11,40,8,1,0,0,59.7,1
11,41,7,2,0,0,108.5,1
11,42,6,0,1,0,95.5,0
11,43,6,2,0,3,93.0,1
11,44,2,1,1,0,41.1,1
11,45,2,1,0,0,32.3,0
11,46,8,2,1,0,83.2,1
11,47,8,2,1,0,89.2,1
11,48,7,0,0,0,67.9,0
11,49,4,1,1,0,82.7,1
11,50,1,0,0,0,43.8,0
11,51,8,2,1,0,97.5,1
11,52,2,0,0,0,73.3,0
11,53,5,1,0,0,127.2,0
11,54,0,0,0,0,59.4,0
11,55,0,0,0,0,24.1,0
11,56,7,0,0,0,56.4,0
11,57,5,1,0,2,59.8,1
11,58,3,0,0,0,63.8,0
11,59,2,0,0,0,33.2,0
11,60,8,2,0,0,83.3,0
12,1,6,1,0,0,95.0,0
12,2,6,2,0,0,33.4,1
12,3,0,0,0,0,50.1,0
12,4,1,0,0,0,72.0,0
12,5,0,0,0,2,86.3,0
12,6,8,2,1,0,96.4,1
12,7,7,2,0,0,136.6,1
12,8,4,1,0,0,113.4,0
12,9,6,1,0,0,34.6,0
12,10,2,1,0,2,47.2,0
12,11,8,1,0,0,103.4,1
12,12,4,1,0,0,49.3,0
12,13,2,1,0,0,58.8,1
12,14,3,1,0,0,23.2,1
12,15,8,1,1,0,132.7,0
12,16,5,1,0,3,107.9,1
12,17,2,0,0,0,44.0,0
12,18,4,0,0,0,55.7,0
12,19,4,2,0,0,61.0,1
12,20,5,0,0,3,110.7,0
12,21,2,0,0,3,26.7,1
12,22,4,1,0,3,106.8,1
12,23,4,1,0,0,60.4,0
12,24,5,2,0,0,79.6,0
12,25,5,1,1,1,114.5,0
12,26,1,0,0,0,53.8,0
12,27,4,1,0,0,34.7,0
12,28,1,1,0,0,88.7,0
12,29,7,2,0,3,97.8,1
12,30,1,0,0,0,44.4,1
12,31,1,0,1,0,54.8,1
12,32,3,1,0,0,26.4,0
12,33,5,2,0,0,39.9,1
12,34,5,1,0,0,106.5,0
12,35,4,0,0,0,149.7,0
12,36,8,2,0,0,60.1,1
12,37,7,1,0,0,36.7,1
12,38,8,1,1,0,69.6,1
12,39,6,2,0,0,43.2,1
12,40,6,2,1,0,37.8,1
12,41,2,2,0,0,72.6,1
12,42,4,0,0,0,43.8,0
12,43,7,1,0,2,118.4,1
12,44,3,0,0,0,38.6,0
12,45,4,1,0,0,94.4,0
12,46,1,0,0,0,56.1,1
12,47,7,0,0,0,55.0,0
12,48,3,1,0,2,40.8,0
12,49,0,0,0,0,31.3,0
12,50,5,2,0,0,96.5,1
12,51,7,1,1,6,66.3,1
12,52,5,0,0,0,39.2,0
12,53,1,0,0,0,152.4,0
12,54,1,0,0,0,35.6,0
12,55,2,2,0,0,29.6,1
12,56,8,1,0,0,52.4,1
12,57,6,1,0,0,71.8,1
12,58,5,1,0,0,69.8,1
12,59,4,2,0,0,29.3,0
12,60,6,1,0,0,93.7,0
13,1,6,1,0,0,55.5,1
13,2,4,0,0,0,31.0,0
13,3,7,2,1,1,84.8,1
13,4,6,0,0,0,51.5,0
13,5,8,1,0,0,76.7,0
13,6,3,0,0,0,44.6,0
13,7,2,2,0,0,35.8,0
13,8,7,1,0,0,65.1,0
13,9,3,0,0,0,93.4,0
13,10,4,1,1,0,50.2,0
13,11,1,0,0,0,16.8,0
13,12,8,2,0,0,83.7,1
13,13,1,0,0,1,29.4,0
13,14,0,0,0,0,10.5,0
13,15,8,0,0,2,70.4,0
13,16,7,2,0,0,57.4,1
13,17,2,1,0,0,61.9,0
13,18,4,2,1,0,89.6,1
13,19,8,2,0,0,59.1,1
13,20,2,0,1,0,35.7,0
13,21,4,0,0,1,40.3,0
13,22,4,0,0,0,35.3,0
13,23,2,0,0,0,79.7,0
13,24,3,1,0,0,45.9,0
13,25,0,0,0,0,11.0,0
13,26,5,0,0,0,90.9,1
13,27,2,0,0,3,74.9,0
13,28,7,1,0,0,54.3,1
13,29,4,0,1,0,101.2,0
13,30,0,0,0,0,109.6,0
13,31,6,0,0,0,51.0,0
13,32,5,2,0,0,74.2,0
13,33,3,1,1,0,28.1,0
13,34,4,0,0,3,54.9,0
13,35,1,0,0,0,16.7,0
13,36,8,2,0,2,168.3,1
13,37,2,1,0,0,111.3,0
13,38,7,2,1,0,106.0,1
13,39,4,1,0,0,49.8,1
13,40,1,0,0,0,105.6,0
13,41,1,0,0,0,34.4,1
13,42,0,0,0,0,18.6,0
13,43,3,1,1,0,73.4,1
13,44,3,0,0,4,99.1,0
13,45,5,0,0,0,54.0,0
13,46,0,0,0,0,44.0,0
13,47,1,0,0,0,31.9,0
13,48,6,1,0,3,69.5,0
13,49,6,1,0,5,76.3,1
13,50,3,0,0,0,21.8,0
13,51,2,1,0,0,63.8,0
13,52,2,0,0,0,34.8,0
13,53,2,0,0,0,29.3,0
13,54,1,0,0,0,37.3,0
13,55,5,2,0,0,46.4,0
13,56,3,1,0,0,132.8,1
13,57,0,0,0,0,121.9,0
13,58,3,2,0,0,36.4,0
13,59,0,0,0,0,56.2,0
13,60,1,0,0,0,94.4,0
14,1,3,1,0,2,47.0,0
14,2,4,0,0,3,60.1,0
14,3,8,0,0,0,82.7,0
14,4,8,2,0,3,93.9,1
14,5,1,0,0,0,72.8,0
14,6,0,0,0,0,135.1,0
14,7,2,0,1,0,78.6,0
14,8,0,0,0,3,60.5,0
14,9,0,0,0,0,104.6,0
14,10,3,1,0,0,46.1,0
14,11,3,1,0,0,139.7,0
14,12,7,1,0,0,41.9,1
14,13,3,0,0,0,83.1,0
14,14,0,0,0,0,50.7,0
14,15,1,0,1,0,51.5,0
14,16,3,1,0,0,44.0,0
14,17,8,2,0,0,105.3,1
14,18,6,1,0,0,77.6,0
14,19,0,0,0,0,73.8,1
14,20,2,0,0,0,36.3,0
14,21,8,2,0,0,75.7,1
14,22,7,2,0,0,68.8,1
14,23,1,1,1,0,41.6,1
14,24,7,2,0,2,46.9,1
14,25,4,1,0,1,48.9,1
14,26,7,2,0,0,77.8,1
14,27,7,2,0,0,64.2,1
14,28,6,1,0,0,102.2,1
14,29,2,2,1,0,66.4,1
14,30,0,0,0,0,42.6,0
14,31,4,1,0,0,99.1,0
14,32,1,0,0,0,20.8,0
14,33,4,2,0,3,62.8,1
14,34,5,0,0,0,44.0,0
14,35,7,1,0,1,73.5,0
14,36,7,2,0,0,55.8,1
14,37,0,0,0,3,31.4,0
14,38,1,1,0,3,104.8,1
14,39,4,0,0,1,119.9,0
14,40,7,1,1,0,57.3,1
14,41,3,0,0,3,20.0,0
14,42,0,0,0,1,93.5,0
14,43,5,1,0,0,62.9,1
14,44,3,0,0,2,42.7,0
14,45,3,0,0,2,27.6,0
14,46,3,1,0,2,115.0,1
14,47,0,0,0,0,14.4,0
14,48,6,1,0,4,65.1,1
14,49,2,0,0,0,20.6,0
14,50,0,1,0,0,31.0,0
14,51,4,0,0,0,76.9,0
14,52,6,0,0,3,77.6,1
14,53,8,2,0,0,78.5,1
14,54,2,0,0,0,62.6,0
14,55,8,2,0,0,61.0,0
14,56,8,1,0,0,70.8,0
14,57,8,2,0,0,65.3,1
14,58,3,1,0,0,105.1,0
14,59,7,2,1,0,152.0,1
14,60,7,2,1,0,95.5,1
15,1,6,2,0,0,34.3,1
15,2,5,0,0,0,51.9,0
15,3,2,1,0,0,16.9,0
15,4,1,1,1,0,78.1,0
15,5,4,1,0,0,130.1,0
15,6,4,2,0,2,92.1,0
15,7,2,1,0,5,80.3,0
15,8,4,1,0,1,59.3,1
15,9,5,2,0,0,90.2,0
15,10,3,1,0,0,114.9,0
15,11,5,1,0,0,50.1,0
15,12,0,0,0,0,10.5,0
15,13,5,1,0,0,38.6,1
15,14,7,0,0,0,84.9,1
15,15,2,1,0,0,45.4,1
15,16,0,0,0,0,36.5,0
15,17,1,0,0,0,70.3,1
15,18,2,1,0,0,53.6,0
15,19,5,1,1,0,42.8,1
15,20,8,2,0,0,68.6,0
15,21,2,0,0,1,65.8,0
15,22,7,1,0,0,144.2,0
15,23,1,0,0,0,67.7,0
15,24,0,0,0,0,48.6,0
15,25,0,1,0,0,94.5,0
15,26,2,1,0,3,53.1,0
15,27,1,0,0,0,79.4,0
15,28,3,0,0,0,47.9,1
15,29,1,0,1,0,46.0,0
15,30,0,0,0,0,42.1,0
15,31,6,1,0,0,59.1,1
15,32,2,2,0,2,37.4,1
15,33,1,1,0,0,12.0,0
15,34,0,0,0,0,21.0,0
15,35,4,1,0,0,100.2,0
15,36,2,0,0,3,85.0,1
15,37,6,1,0,0,45.8,0
15,38,1,0,0,3,33.4,0
15,39,1,1,0,0,161.5,0
15,40,7,1,0,0,162.2,0
15,41,1,1,0,3,103.2,0
15,42,3,1,0,0,32.8,1
15,43,5,1,1,0,91.0,1
15,44,5,1,1,0,40.8,1
15,45,6,1,0,1,125.4,0
15,46,3,1,0,0,36.1,1
15,47,7,2,0,0,108.7,1
15,48,7,1,0,0,100.8,1
15,49,2,2,0,2,56.0,0
15,50,0,0,0,0,54.5,0
15,51,8,2,0,0,92.6,0
15,52,1,0,0,0,74.9,1
15,53,2,0,0,0,51.2,0
15,54,8,2,0,0,62.0,1
15,55,8,0,0,0,97.9,0
15,56,0,0,0,0,22.9,0
15,57,4,1,1,0,91.6,0
15,58,6,1,0,0,131.6,0
15,59,1,2,0,0,75.6,0
15,60,1,0,0,0,64.4,0
16,1,2,0,0,0,40.4,0
16,2,0,0,0,2,56.8,0
16,3,1,1,0,0,42.1,0
16,4,6,2,0,3,63.0,1
16,5,4,2,0,0,28.0,1
16,6,6,1,0,0,47.4,0
16,7,2,0,0,0,29.7,0
16,8,8,1,1,3,103.4,1
16,9,2,0,0,0,39.3,0
16,10,2,0,0,0,56.4,0
16,11,8,2,0,2,133.4,1
16,12,3,0,0,0,102.6,0
16,13,4,1,0,0,86.4,1
16,14,6,2,1,0,87.7,1
16,15,8,2,0,1,57.0,1
16,16,4,2,0,3,159.5,1
16,17,0,0,0,0,63.7,0
16,18,0,0,0,0,14.7,0
16,19,4,1,0,1,57.2,1
16,20,4,1,0,0,28.5,1
16,21,6,2,0,0,72.4,1
16,22,0,0,0,0,23.0,0
16,23,8,0,0,3,57.2,1
16,24,5,1,0,0,53.1,0
16,25,5,0,0,0,137.5,0
16,26,1,1,1,0,35.9,0
16,27,3,1,0,0,45.5,0
16,28,1,1,0,0,39.5,0
16,29,7,1,1,0,190.0,1
16,30,5,2,0,0,33.2,1
16,31,3,1,0,1,69.8,0
16,32,5,1,0,0,47.6,0
16,33,1,2,0,3,14.2,1
16,34,1,0,0,0,12.9,1
16,35,8,2,0,0,70.2,1
16,36,8,1,1,0,71.8,1
16,37,0,0,0,0,19.2,0
16,38,6,2,0,0,59.7,1
16,39,3,0,0,1,67.9,1
16,40,5,2,1,0,71.3,1
16,41,3,0,0,0,46.2,0
16,42,8,2,0,0,113.5,1
16,43,5,1,1,0,33.7,0
16,44,6,2,1,0,54.7,1
16,45,6,1,0,0,43.8,0
16,46,1,1,0,0,19.0,0
16,47,8,2,1,0,75.0,1
16,48,8,1,0,0,76.3,0
16,49,3,1,1,0,58.4,0
16,50,3,1,0,0,66.6,0
16,51,5,0,0,0,73.8,1
16,52,8,1,0,0,110.5,1
16,53,3,1,0,0,80.7,0
16,54,7,2,0,0,116.4,0
16,55,0,0,0,1,55.7,1
16,56,3,0,0,0,61.9,1
16,57,5,0,0,0,51.2,1
16,58,4,1,0,1,72.8,0
16,59,1,2,0,0,84.7,0
16,60,2,0,1,0,14.3,0
17,1,3,0,0,0,63.3,0
17,2,7,2,0,0,60.1,1
17,3,8,1,0,2,88.8,1
17,4,7,2,0,0,100.6,0
17,5,3,0,0,0,55.3,1
17,6,5,1,0,0,39.8,1
17,7,7,2,0,0,119.3,1
17,8,3,0,0,0,64.8,1
17,9,3,1,0,0,60.4,0
17,10,0,1,0,0,18.4,0
17,11,8,2,1,0,62.7,0
17,12,7,0,0,0,54.3,0
17,13,2,0,0,0,49.1,1
17,14,7,2,0,0,125.4,0
17,15,8,1,1,0,90.5,1
17,16,4,1,0,0,84.8,1
17,17,3,2,0,0,61.7,1
17,18,6,2,1,0,39.0,1
17,19,3,1,1,2,61.3,0
17,20,7,1,0,0,65.0,1
17,21,4,0,0,0,72.8,0
17,22,4,0,0,0,56.6,0
17,23,8,1,1,0,90.6,0
17,24,6,1,1,0,67.4,0
17,25,2,1,0,0,40.1,1
17,26,6,1,0,1,46.2,1
17,27,5,1,0,0,78.9,0
17,28,3,1,0,0,39.6,0
17,29,1,0,0,0,63.8,0
17,30,7,2,1,0,73.6,1
17,31,3,1,0,1,38.6,0
17,32,7,0,0,0,172.9,0
17,33,2,1,0,0,48.1,0
17,34,1,1,0,0,16.4,0
17,35,0,0,0,0,53.6,0
17,36,5,0,0,0,130.1,0
17,37,1,0,0,0,65.0,0
17,38,1,1,0,0,48.8,0
17,39,7,2,0,0,83.6,0
17,40,5,1,1,0,55.9,0
17,41,4,0,0,0,61.8,0
17,42,5,2,0,1,55.3,1
17,43,8,2,1,0,81.2,1
17,44,0,0,0,0,28.9,0
17,45,7,2,0,0,89.4,0
17,46,6,1,0,0,38.6,0
17,47,3,0,0,0,44.3,0
17,48,3,2,0,0,40.1,1
17,49,4,1,0,0,46.2,1
17,50,6,0,1,0,38.0,0
17,51,5,0,0,3,142.3,0
17,52,7,1,0,3,79.8,1
17,53,3,2,1,0,37.1,0
17,54,6,1,0,0,184.9,1
17,55,6,2,0,0,68.3,0
17,56,4,1,0,0,78.4,0
17,57,5,1,1,0,30.9,0
17,58,7,0,0,0,48.1,0
17,59,4,1,1,0,107.2,1
17,60,8,0,0,0,92.7,0
18,1,0,0,1,0,8.9,0
18,2,3,1,0,0,26.8,0
18,3,5,1,0,0,86.6,1
18,4,8,2,0,0,71.0,1
18,5,6,0,0,0,31.4,0
18,6,3,1,0,2,84.2,0
18,7,3,1,1,0,18.2,1
18,8,0,0,0,3,3.5,0
18,9,7,2,0,2,86.6,0
18,10,5,2,1,0,77.8,1
18,11,5,1,0,0,103.2,0
18,12,2,1,0,0,19.6,0
18,13,2,1,0,0,114.5,1
18,14,6,2,0,0,148.3,1
18,15,8,1,0,0,135.5,0
18,16,2,0,0,0,40.0,0
18,17,6,2,0,0,149.6,0
18,18,0,0,0,1,21.9,0
18,19,7,0,0,0,80.5,1
18,20,6,0,0,0,82.9,0
18,21,4,0,0,0,86.4,0
18,22,5,2,0,0,54.4,1
18,23,4,0,1,1,62.5,0
18,24,1,1,0,0,33.8,0
18,25,3,1,0,0,55.8,0
18,26,0,0,0,0,47.3,1
18,27,6,1,0,3,39.4,1
18,28,8,1,0,0,92.4,1
18,29,6,2,1,0,55.1,0
18,30,8,2,1,0,78.9,1
18,31,3,1,0,0,50.1,0
18,32,4,1,0,0,140.1,0
18,33,3,0,0,0,33.1,0
18,34,3,0,0,0,76.8,0
18,35,0,0,0,0,71.9,0
18,36,4,2,0,0,99.0,1
18,37,8,1,0,2,110.7,0
18,38,8,1,0,0,71.2,0
18,39,4,0,0,3,36.3,1
18,40,1,0,0,0,56.1,0
18,41,6,1,0,0,72.2,0
18,42,0,0,0,0,132.1,0
18,43,4,2,0,0,81.5,1
18,44,3,0,0,0,23.8,0
18,45,8,2,0,0,58.4,0
18,46,8,2,0,0,123.6,1
18,47,2,0,1,0,64.7,1
18,48,7,1,0,0,59.8,0
18,49,6,1,0,0,39.8,0
18,50,0,0,0,0,24.2,0
18,51,3,2,0,0,32.7,0
18,52,5,0,1,0,101.0,0
18,53,5,1,0,0,102.3,1
18,54,5,1,0,0,41.7,1
18,55,5,1,0,0,130.1,0
18,56,6,1,0,0,40.2,1
18,57,5,1,0,0,33.0,1
18,58,8,2,0,0,68.3,1
18,59,3,1,0,0,102.9,0
18,60,7,2,1,0,65.1,1
19,1,5,1,0,0,32.2,0
19,2,5,2,1,0,48.8,1
19,3,1,0,0,0,66.1,0
19,4,3,0,0,0,80.1,1
19,5,3,0,0,0,21.7,0
19,6,4,1,0,0,146.5,0
19,7,6,1,0,0,51.0,0
19,8,7,2,0,1,51.3,1
19,9,3,2,0,0,63.2,0
19,10,8,1,1,0,52.6,0
19,11,1,0,1,0,57.1,0
19,12,2,0,0,0,35.9,0
19,13,5,0,0,0,105.6,0
19,14,0,0,0,0,51.9,0
19,15,8,2,1,0,75.0,1
19,16,4,0,0,0,91.8,0
19,17,8,2,0,0,83.0,0
19,18,1,0,0,0,53.7,0
19,19,0,1,0,0,38.3,0
19,20,1,0,0,0,119.3,0
19,21,5,2,0,0,94.3,1
19,22,6,1,1,1,169.4,0
19,23,4,1,0,0,33.3,0
19,24,0,0,0,0,35.1,0
19,25,1,0,0,0,195.0,1
19,26,8,1,1,0,89.7,1
19,27,2,1,0,0,27.8,0
19,28,2,0,0,2,39.3,0
19,29,5,1,0,0,45.8,0
19,30,5,1,0,0,76.3,0
19,31,3,2,0,0,112.0,0
19,32,2,0,0,4,68.5,0
19,33,1,0,1,0,76.5,0
19,34,7,2,0,0,65.6,1
19,35,5,1,0,0,36.0,0
19,36,1,0,0,1,81.0,0
19,37,0,0,0,0,76.0,0
19,38,4,1,0,0,88.5,1
19,39,1,1,0,0,15.8,0
19,40,0,0,0,0,17.4,0
19,41,6,2,0,2,85.8,0
19,42,2,2,0,0,49.6,0
19,43,7,2,0,0,60.4,1
19,44,8,2,0,0,97.9,1
19,45,8,2,0,0,120.3,1
19,46,6,2,0,0,83.8,1
19,47,0,0,0,0,66.8,1
19,48,4,1,1,2,35.3,0
19,49,3,1,1,1,26.6,0
19,50,8,2,1,0,95.1,1
19,51,1,1,0,3,28.1,1
19,52,5,1,0,3,36.3,1
19,53,4,1,0,0,91.2,0
19,54,4,0,0,0,118.7,0
19,55,3,0,0,3,36.6,1
19,56,0,1,0,0,71.8,0
19,57,7,1,0,0,70.3,1
19,58,2,0,0,0,72.3,0
19,59,6,0,1,4,52.6,1
19,60,5,0,0,0,57.6,0
20,1,4,0,0,0,36.4,0
20,2,2,1,1,0,162.8,1
20,3,0,0,1,0,63.1,0
20,4,4,1,0,0,31.8,0
20,5,0,0,0,0,56.6,0
20,6,5,2,0,0,100.7,1
20,7,3,1,0,0,141.7,0
20,8,1,0,0,0,83.4,1
20,9,4,1,0,0,76.5,0
20,10,6,1,0,0,48.0,0
20,11,5,1,0,0,105.3,1
20,12,2,0,0,0,24.8,0
20,13,4,1,0,0,96.0,1
20,14,5,1,0,0,45.3,1
20,15,6,2,0,0,66.8,1
20,16,7,1,0,0,76.9,1
20,17,4,1,0,0,33.3,1
20,18,7,2,0,0,91.2,1
20,19,1,0,1,0,17.4,0
20,20,0,0,0,0,19.1,0
20,21,4,1,0,0,77.3,0
20,22,8,2,0,0,98.6,0
20,23,4,2,0,0,183.8,1
20,24,2,1,1,0,49.7,0
20,25,5,0,0,0,194.9,1
20,26,0,0,0,2,22.5,0
20,27,4,1,1,0,44.3,1
20,28,1,0,1,0,88.8,0
20,29,8,2,0,0,74.8,1
20,30,4,1,0,3,108.1,1
20,31,1,0,0,0,77.2,0
20,32,8,1,0,0,137.1,1
20,33,7,1,0,0,70.6,1
20,34,3,0,0,0,83.7,0
20,35,6,2,1,0,87.4,1
20,36,7,0,0,0,62.0,0
20,37,2,1,0,1,40.0,1
20,38,4,1,0,0,83.7,0
20,39,8,1,1,0,45.4,0
20,40,5,1,0,0,165.6,1
20,41,8,2,0,0,88.2,1
20,42,3,0,0,0,43.0,0
20,43,3,0,0,0,29.3,1
20,44,7,2,0,0,67.4,1
20,45,1,0,0,0,43.7,0
20,46,5,2,0,0,68.7,0
20,47,2,0,0,0,65.7,0
20,48,6,1,0,0,47.7,0
20,49,6,1,0,0,71.9,0
20,50,1,0,0,0,36.8,0
20,51,2,0,0,0,124.3,0
20,52,6,0,1,0,39.0,0
20,53,2,0,0,3,84.4,1
20,54,2,1,0,0,20.6,0
20,55,8,1,1,0,44.1,1
20,56,7,1,0,0,69.7,0
20,57,8,2,0,0,85.1,1
20,58,6,2,0,0,65.5,0
20,59,1,0,0,0,75.7,0
20,60,7,2,0,0,52.1,1
21,1,7,1,1,0,59.9,1
21,2,0,0,0,0,60.7,1
21,3,6,2,0,0,42.5,1
21,4,0,0,0,0,139.9,0
21,5,6,0,0,3,44.4,0
21,6,7,2,1,0,76.2,1
21,7,2,1,1,0,62.8,0
21,8,3,1,0,0,31.7,1
21,9,4,1,0,0,122.4,0
21,10,0,0,0,1,24.4,1
21,11,0,0,0,0,38.3,0
21,12,4,1,0,0,67.8,0
21,13,7,2,1,0,62.5,1
21,14,3,0,0,0,34.0,1
21,15,3,1,0,0,25.3,0
21,16,4,1,0,0,49.5,1
21,17,2,1,0,0,63.1,1
21,18,0,0,0,0,20.1,0
21,19,8,2,1,0,95.8,1
21,20,0,0,0,3,19.0,0
21,21,3,1,0,0,73.3,0
21,22,2,0,0,0,24.8,0
21,23,8,2,1,0,114.7,1
21,24,8,1,1,1,136.6,0
21,25,8,2,0,0,45.7,0
21,26,0,0,0,0,40.0,1
21,27,7,0,0,0,122.1,0
21,28,4,0,0,0,72.3,0
21,29,3,2,0,0,18.7,1
21,30,1,1,0,0,36.0,0
21,31,4,0,0,1,58.5,0
21,32,7,2,0,2,50.8,1
21,33,4,2,0,0,50.9,0
21,34,2,1,0,0,47.5,1
21,35,1,0,0,0,76.9,0
21,36,0,0,0,0,64.2,0
21,37,1,1,0,3,38.6,0
21,38,7,1,0,0,62.1,1
21,39,4,0,1,0,131.1,0
21,40,3,0,0,0,36.0,1
21,41,7,2,0,7,49.4,1
21,42,2,1,0,3,63.9,0
21,43,2,1,0,0,39.8,1
21,44,7,2,0,0,60.6,1
21,45,0,0,0,1,85.2,0
21,46,2,0,0,0,29.0,0
21,47,1,0,0,0,27.7,0
21,48,6,1,1,2,53.4,1
21,49,5,0,0,0,28.6,0
21,50,8,2,0,0,120.1,1
21,51,0,1,0,0,44.9,0
21,52,8,2,0,3,63.0,0
21,53,5,1,1,1,43.4,1
21,54,0,0,0,1,76.4,0
21,55,0,0,0,3,150.3,0
21,56,4,2,0,0,28.5,1
21,57,8,1,1,0,103.1,1
21,58,2,1,0,0,87.9,0
21,59,3,0,0,0,92.1,0
21,60,6,1,0,0,91.4,0
22,1,5,1,0,0,44.0,0
22,2,5,2,0,1,32.8,1
22,3,8,2,0,0,105.6,0
22,4,8,0,0,0,65.3,0
22,5,1,0,0,0,42.6,0
22,6,7,1,1,0,38.9,1
22,7,0,0,0,0,33.5,0
22,8,8,2,0,3,73.4,1
22,9,8,1,1,2,74.0,1
22,10,2,0,0,3,79.0,0
22,11,0,1,0,0,11.9,0
22,12,4,1,0,0,44.6,1
22,13,5,0,0,0,140.0,1
22,14,8,1,0,0,90.2,0
22,15,0,0,0,0,51.6,0
22,16,5,2,0,0,106.6,1
22,17,2,0,0,0,33.4,0
22,18,6,1,1,0,94.1,1
22,19,1,0,0,0,46.5,0
22,20,6,1,1,0,105.7,0
22,21,6,2,0,0,73.1,1
22,22,3,1,0,0,42.0,0
22,23,4,1,0,1,62.1,1
22,24,4,0,1,0,35.0,0
22,25,4,0,0,0,36.6,0
22,26,1,0,0,0,40.1,0
22,27,1,0,0,0,19.1,0
22,28,0,0,0,1,51.2,1
22,29,3,0,0,0,43.9,0
22,30,3,1,0,0,68.0,0
22,31,6,2,1,0,97.4,1
22,32,6,2,0,0,59.2,1
22,33,4,1,1,0,42.9,0
22,34,2,0,0,0,60.6,0
22,35,2,1,0,0,14.9,0
22,36,4,0,0,0,51.7,0
22,37,1,0,0,0,21.4,0
22,38,2,1,0,0,66.6,0
22,39,7,2,0,0,87.5,0
22,40,2,0,0,0,22.5,0
22,41,5,1,0,0,39.6,1
22,42,5,2,0,0,85.0,1
22,43,5,2,1,2,70.6,1
22,44,5,1,0,0,74.1,1
22,45,6,2,0,0,106.3,1
22,46,2,0,0,0,55.2,1
22,47,7,1,0,2,97.5,1
22,48,6,1,0,1,86.5,0
22,49,4,1,0,0,61.7,0
22,50,6,2,0,3,52.2,1
22,51,8,2,1,0,120.8,0
22,52,5,2,0,0,65.2,1
22,53,3,2,0,0,56.4,0
22,54,2,0,0,0,147.5,0
22,55,3,1,0,1,96.8,0
22,56,5,0,0,0,44.7,0
22,57,3,1,0,0,37.8,1
22,58,0,0,0,0,53.9,0
22,59,7,1,0,0,89.2,0
22,60,7,2,0,4,68.5,1
23,1,4,2,0,0,31.5,0
23,2,8,1,0,0,88.5,1
23,3,0,0,0,0,57.4,0
23,4,0,0,0,0,40.6,0
23,5,6,2,1,3,46.2,1
23,6,6,1,0,0,68.8,0
23,7,8,2,0,0,69.4,0
23,8,5,2,0,2,108.0,1
23,9,7,1,1,0,87.8,1
23,10,7,1,1,0,47.3,1
23,11,8,2,0,0,87.6,1
23,12,3,1,0,0,152.9,0
23,13,3,0,0,0,34.8,0
23,14,3,1,0,0,51.8,1
23,15,2,2,0,0,40.5,0
23,16,6,2,1,0,45.4,0
23,17,3,0,0,0,51.3,0
23,18,1,0,1,0,38.7,0
23,19,6,2,0,0,93.7,1
23,20,7,2,0,2,44.1,1
23,21,6,2,0,0,69.6,0
23,22,2,0,0,2,37.3,0
23,23,0,0,0,0,48.4,0
23,24,7,1,0,0,173.2,0
23,25,3,1,0,0,36.9,0
23,26,3,1,0,3,55.7,1
23,27,5,1,0,0,52.1,1
23,28,6,2,0,0,41.9,0
23,29,4,0,0,0,26.3,0
23,30,3,1,0,0,19.9,1
23,31,6,1,0,0,51.5,0
23,32,0,1,0,0,27.9,0
23,33,4,2,0,3,71.3,1
23,34,4,1,1,0,36.8,1
23,35,0,0,0,0,64.6,0
23,36,1,1,0,0,91.8,0
23,37,0,0,0,0,57.8,0
23,38,2,1,0,0,41.6,0
23,39,0,1,0,0,105.2,0
23,40,8,2,0,0,45.8,0
23,41,5,0,0,0,27.5,0
23,42,0,0,0,2,26.6,0
23,43,5,1,1,0,77.4,0
23,44,7,2,0,0,81.4,1
23,45,7,0,0,3,46.0,0
23,46,1,0,0,0,65.3,0
23,47,4,0,0,0,26.6,0
23,48,1,1,0,0,42.7,0
23,49,3,1,1,2,35.5,1
23,50,3,1,0,0,48.0,1
23,51,8,2,1,0,155.3,1
23,52,7,2,0,0,57.3,1
23,53,1,0,0,3,91.2,0
23,54,4,1,0,2,44.8,1
23,55,1,0,0,0,138.0,0
23,56,5,0,0,3,124.4,0
23,57,0,0,0,0,4.4,0
23,58,7,1,1,0,95.6,0
23,59,5,2,0,0,71.9,0
23,60,6,2,0,0,38.8,1
24,1,8,1,0,1,53.0,0
24,2,0,0,0,0,94.9,0
24,3,3,1,0,0,32.9,1
24,4,0,0,0,0,37.9,1
24,5,5,2,0,0,96.7,1
24,6,2,0,0,0,33.4,0
24,7,4,1,0,0,66.4,1
24,8,8,1,0,0,102.3,0
24,9,8,1,0,0,89.8,1
24,10,7,2,0,0,85.2,0
24,11,3,0,0,0,57.8,0
24,12,0,0,0,3,8.3,0
24,13,6,1,0,0,41.0,0
24,14,7,2,0,2,54.9,1
24,15,3,0,0,0,32.2,0
24,16,0,0,0,3,7.1,1
24,17,7,1,1,2,74.7,1
24,18,8,2,1,0,122.4,1
24,19,0,0,0,0,21.5,0
24,20,0,0,0,2,100.0,0
24,21,8,2,1,1,95.4,1
24,22,2,0,0,0,49.9,0
24,23,2,1,1,0,57.9,0
24,24,5,1,0,2,35.6,1
24,25,5,1,0,0,35.5,0
24,26,0,0,0,0,86.0,0
24,27,3,0,1,0,45.6,0
24,28,8,2,1,1,75.2,1
24,29,1,1,0,0,89.6,1
24,30,2,0,0,0,115.3,0
24,31,6,1,0,3,72.4,1
24,32,7,1,0,0,75.8,1
24,33,1,0,0,0,80.7,0
24,34,3,1,0,0,31.0,0
24,35,4,0,0,0,31.7,0
24,36,2,2,0,0,47.7,1
24,37,5,2,0,0,138.7,0
24,38,0,0,0,0,64.5,0
24,39,5,2,0,0,121.0,1
24,40,1,2,0,2,21.2,1
24,41,8,2,0,0,65.6,1
24,42,1,0,0,0,73.8,0
24,43,8,2,0,1,61.2,1
24,44,1,0,0,0,102.7,0
24,45,6,1,0,2,59.7,1
24,46,1,1,0,6,18.7,1
24,47,1,0,0,0,59.2,0
24,48,7,2,0,1,102.4,1
24,49,7,1,0,0,76.1,1
24,50,6,2,0,3,64.9,1
24,51,1,0,0,0,13.9,0
24,52,4,1,0,0,111.3,0
24,53,1,0,0,0,40.2,0
24,54,7,2,0,0,52.7,1
24,55,2,0,1,0,49.1,1
24,56,4,0,1,0,43.9,0
24,57,7,2,0,1,65.0,0
24,58,0,0,1,0,7.3,0
24,59,6,1,0,0,136.2,1
24,60,2,0,0,0,73.4,0
25,1,7,1,1,0,127.9,1
25,2,4,2,0,1,61.8,0
25,3,2,0,0,0,88.2,0
25,4,8,2,1,1,146.5,1
25,5,7,2,0,0,84.6,1
25,6,8,2,0,0,101.5,1
25,7,5,2,1,0,45.8,1
25,8,0,0,0,0,43.9,0
25,9,0,0,0,0,32.9,0
25,10,6,1,0,0,59.9,1
25,11,5,2,0,0,156.5,0
25,12,6,1,0,2,44.7,1
25,13,5,2,0,0,104.1,1
25,14,3,0,0,0,99.4,0
25,15,1,1,0,0,71.4,0
25,16,7,1,1,0,192.7,0
25,17,8,2,1,0,144.7,1
25,18,8,2,1,0,42.4,0
25,19,7,1,0,0,73.1,0
25,20,1,0,0,0,20.1,0
25,21,4,0,0,0,76.0,0
25,22,0,0,0,0,19.1,0
25,23,5,2,0,0,71.1,0
25,24,8,2,0,3,68.9,1
25,25,7,2,0,0,128.6,0
25,26,3,0,0,0,59.2,1
25,27,2,1,0,0,127.6,0
25,28,4,1,0,0,34.3,0
25,29,8,1,0,0,65.2,1
25,30,1,1,0,0,33.8,0
25,31,0,0,0,0,80.5,0
25,32,4,1,0,0,46.9,0
25,33,5,0,0,0,45.6,0
25,34,0,0,0,0,96.0,0
25,35,8,2,0,0,104.4,0
25,36,0,0,1,0,36.7,0
25,37,1,1,0,0,202.7,1
25,38,2,2,0,0,37.7,1
25,39,6,1,1,0,57.7,1
25,40,4,1,0,0,39.1,0
25,41,2,0,0,0,33.6,1
25,42,3,1,0,0,35.0,0
25,43,8,1,1,0,44.1,1
25,44,8,2,0,0,57.7,1
25,45,5,1,1,0,36.1,0
25,46,7,2,0,0,65.2,1
25,47,8,1,0,0,65.1,0
25,48,5,1,0,0,30.4,0
25,49,4,0,1,0,64.9,0
25,50,5,2,1,0,47.2,0
25,51,3,0,1,0,35.4,0
25,52,2,1,0,0,78.5,0
25,53,0,0,0,0,110.9,0
25,54,3,1,0,0,81.1,0
25,55,0,0,0,0,33.7,0
25,56,2,0,0,0,54.0,0
25,57,8,2,0,0,62.7,1
25,58,0,0,0,3,44.9,0
25,59,0,0,0,0,39.8,0
25,60,7,1,0,0,115.3,0
26,1,0,0,0,0,15.7,0
26,2,0,0,0,2,19.6,0
26,3,8,1,0,0,82.9,0
26,4,7,2,1,0,77.1,0
26,5,2,0,0,0,99.1,0
26,6,2,0,0,0,57.8,0
26,7,2,2,0,1,15.5,0
26,8,0,0,0,0,41.3,0
26,9,2,0,0,0,44.5,0
26,10,8,2,0,0,118.2,1
26,11,8,2,0,0,72.1,1
26,12,6,2,0,5,69.1,1
26,13,2,0,0,0,64.9,0
26,14,8,2,1,0,126.4,0
26,15,4,2,0,0,97.0,0
26,16,4,0,0,0,110.3,0
26,17,5,2,0,0,33.0,1
26,18,4,0,0,0,86.2,1
26,19,3,0,0,0,52.4,0
26,20,3,2,0,0,23.3,0
26,21,1,0,1,0,19.0,1
26,22,5,1,0,2,43.0,1
26,23,7,2,0,0,72.3,1
26,24,7,2,0,0,41.7,0
26,25,1,0,0,0,16.2,0
26,26,5,0,0,0,75.1,0
26,27,8,2,0,0,113.0,1
26,28,6,1,0,0,42.4,1
26,29,4,1,0,0,103.7,0
26,30,3,2,0,0,23.4,0
26,31,6,0,1,0,67.1,1
26,32,5,2,0,0,64.8,1
26,33,2,1,0,0,27.1,0
26,34,0,0,0,0,33.8,0
26,35,8,2,0,1,88.7,1
26,36,8,1,0,0,188.3,1
26,37,6,1,0,0,66.1,1
26,38,0,0,0,0,119.5,0
26,39,7,2,0,0,78.6,1
26,40,1,0,1,0,19.9,0
26,41,5,0,0,0,49.1,0
26,42,3,2,0,0,35.7,1
26,43,6,2,0,0,72.3,1
26,44,7,2,1,0,90.6,1
26,45,2,0,0,0,67.5,0
26,46,4,2,0,0,42.3,1
26,47,3,1,0,0,38.0,0
26,48,6,0,0,0,76.1,0
26,49,7,2,0,0,62.3,0
26,50,2,0,0,0,115.3,0
26,51,1,0,0,0,55.5,0
26,52,4,1,0,0,64.6,0
26,53,6,1,0,5,51.2,1
26,54,1,0,0,0,59.5,0
26,55,6,1,0,0,62.9,1
26,56,1,0,0,0,23.3,0
26,57,5,2,0,2,73.4,1
26,58,0,0,0,0,52.2,0
26,59,0,0,0,0,69.7,0
26,60,0,0,0,0,44.1,0
27,1,5,1,0,0,51.4,0
27,2,8,1,0,0,59.5,1
27,3,8,2,0,0,66.8,1
27,4,3,1,0,0,36.6,0
27,5,8,2,0,0,56.8,1
27,6,8,1,0,0,119.3,1
27,7,1,0,0,2,33.1,0
27,8,3,0,0,3,62.8,0
27,9,6,0,0,0,64.9,0
27,10,1,0,0,0,46.4,0
27,11,6,2,0,3,100.0,1
27,12,0,0,0,0,26.8,1
27,13,3,2,0,0,128.1,0
27,14,0,1,0,0,40.8,0
27,15,1,0,0,0,21.4,0
27,16,1,1,0,0,13.0,0
27,17,4,1,0,0,116.5,0
27,18,5,1,0,0,142.3,0
27,19,3,2,0,1,39.0,1
27,20,4,1,0,0,156.4,0
27,21,3,1,0,1,44.9,1
27,22,6,1,1,2,50.8,1
27,23,6,2,0,0,131.5,1
27,24,0,0,0,1,49.0,0
27,25,4,1,1,0,180.4,0
27,26,3,0,1,0,204.7,0
27,27,7,2,0,0,109.5,1
27,28,7,2,0,0,81.6,1
27,29,7,1,0,1,136.2,0
27,30,1,2,0,0,78.3,0
27,31,3,0,0,1,100.0,0
27,32,5,2,0,0,47.8,0
27,33,3,0,1,0,76.0,0
27,34,4,1,0,1,83.9,1
27,35,1,0,0,0,37.3,0
27,36,4,0,0,0,46.8,0
27,37,3,1,0,0,79.3,0
27,38,8,2,0,0,101.7,1
27,39,6,1,0,0,107.2,0
27,40,3,0,0,1,50.2,0
27,41,5,2,0,3,193.8,1
27,42,5,1,0,0,61.2,0
27,43,6,2,0,4,44.6,1
27,44,2,1,1,0,70.6,0
27,45,4,2,0,0,53.2,0
27,46,2,1,0,0,35.1,0
27,47,8,2,1,0,56.3,1
27,48,7,2,0,1,64.9,0
27,49,8,2,1,0,66.8,0
27,50,2,0,0,2,15.9,1
27,51,3,1,0,0,59.5,0
27,52,6,1,0,1,205.7,0
27,53,1,1,0,0,49.7,0
27,54,6,2,0,0,34.6,0
27,55,7,1,0,3,57.3,1
27,56,4,2,0,0,59.9,0
27,57,2,0,0,2,81.7,0
27,58,1,0,0,0,16.6,0
27,59,6,2,0,3,129.7,1
27,60,8,2,0,3,78.8,1
28,1,6,0,1,0,78.7,1
28,2,7,2,0,2,131.4,1
28,3,4,0,1,0,58.9,0
28,4,7,2,0,0,92.2,1
28,5,1,0,0,0,15.8,0
28,6,3,0,0,0,55.3,0
28,7,5,0,0,0,72.5,0
28,8,3,1,0,0,60.1,0
28,9,0,0,0,0,21.3,1
28,10,7,2,0,0,76.9,0
28,11,1,1,0,0,40.3,1
28,12,5,2,1,0,143.4,1
28,13,1,0,0,3,134.3,0
28,14,2,0,0,0,59.1,0
28,15,2,0,0,0,57.0,0
28,16,8,1,0,0,89.5,0
28,17,3,1,0,0,51.2,0
28,18,2,0,0,0,52.6,0
28,19,0,1,0,0,76.3,0
28,20,7,1,0,0,61.9,0
28,21,0,0,0,0,50.6,0
28,22,6,2,1,0,69.6,1
28,23,0,0,0,0,45.3,0
28,24,8,1,1,0,95.9,0
28,25,8,1,1,3,73.5,1
28,26,2,1,0,0,144.1,0
28,27,5,0,0,0,32.9,0
28,28,7,1,0,0,93.3,0
28,29,7,2,0,2,44.9,1
28,30,8,1,0,3,65.1,1
28,31,5,0,0,0,44.1,0
28,32,8,2,0,1,103.7,1
28,33,6,2,0,0,109.6,1
28,34,6,0,0,0,82.3,1
28,35,8,1,0,0,47.8,1
28,36,0,1,0,0,96.5,0
28,37,8,2,0,0,111.3,1
28,38,2,0,0,0,32.3,0
28,39,3,2,0,0,93.0,0
28,40,2,0,0,3,131.0,0
28,41,7,2,0,0,62.3,1
28,42,2,1,0,0,48.3,0
28,43,3,2,1,0,33.4,0
28,44,4,0,0,0,66.0,0
28,45,4,2,0,0,79.8,1
28,46,2,0,0,2,16.5,1
28,47,5,0,0,0,47.1,0
28,48,0,0,0,0,55.9,0
28,49,6,1,1,0,64.4,0
28,50,1,0,0,0,100.6,1
28,51,0,0,0,2,17.7,0
28,52,2,0,0,0,20.0,1
28,53,2,0,0,3,52.5,1
28,54,6,2,1,0,90.6,1
28,55,7,1,0,0,65.7,1
28,56,1,0,0,3,77.2,1
28,57,1,0,0,0,46.7,1
28,58,7,2,0,0,109.6,0
28,59,8,1,0,0,128.8,1
28,60,1,0,0,3,113.4,0
29,1,1,1,0,1,64.2,1
29,2,4,0,0,0,165.2,0
29,3,1,1,0,0,25.6,0
29,4,6,1,0,0,41.3,0
29,5,0,0,0,0,69.4,0
29,6,2,1,0,0,81.6,0
29,7,8,0,0,0,135.7,1
29,8,5,1,0,0,55.7,0
29,9,0,0,0,2,35.0,0
29,10,3,0,1,0,24.8,0
29,11,7,1,0,0,56.4,0
29,12,1,0,0,0,33.7,0
29,13,2,0,0,0,40.9,0
29,14,0,0,1,0,63.5,0
29,15,0,0,1,0,69.4,0
29,16,6,1,0,0,105.5,1
29,17,2,1,0,0,123.3,0
29,18,2,0,0,0,39.0,0
29,19,3,0,0,2,70.9,1
29,20,6,2,0,0,71.9,0
29,21,3,0,0,0,52.1,0
29,22,5,1,0,0,42.6,0
29,23,1,0,0,3,20.6,1
29,24,6,2,1,2,83.6,1
29,25,7,1,0,0,73.7,1
29,26,7,1,1,0,41.5,1
29,27,2,1,0,0,41.8,0
29,28,5,1,0,0,89.8,0
29,29,1,1,0,0,56.3,0
29,30,5,2,0,0,49.3,1
29,31,2,0,0,0,44.1,1
29,32,5,1,0,0,77.6,1
29,33,4,1,0,0,92.4,1
29,34,4,0,0,2,32.6,0
29,35,2,1,1,3,71.7,1
29,36,3,1,0,3,101.3,1
29,37,7,1,0,0,57.8,0
29,38,5,1,0,0,93.9,0
29,39,8,1,0,2,61.0,1
29,40,3,1,0,0,41.7,0
29,41,6,2,0,1,61.9,0
29,42,5,2,0,0,127.8,1
29,43,8,2,0,0,122.9,0
29,44,1,0,0,0,22.0,0
29,45,2,1,0,0,82.6,0
29,46,4,1,0,0,54.4,1
29,47,6,1,0,0,52.8,0
29,48,3,1,1,0,21.5,0
29,49,3,0,0,0,57.3,0
29,50,5,2,0,0,198.4,1
29,51,0,0,0,0,4.1,1
29,52,8,1,0,0,46.7,0
29,53,4,1,0,0,83.6,0
29,54,1,0,1,0,83.0,0
29,55,1,0,0,0,77.9,0
29,56,3,2,0,2,35.9,1
29,57,4,0,0,0,49.0,1
29,58,1,0,0,0,14.0,0
29,59,7,1,0,0,50.9,0
29,60,6,1,0,0,63.8,0
30,1,5,1,0,0,83.7,1
30,2,0,0,0,0,12.4,0
30,3,7,1,0,0,60.4,1
30,4,2,1,0,3,16.8,0
30,5,8,1,0,0,121.5,0
30,6,8,2,0,0,98.9,1
30,7,8,2,0,0,67.4,0
30,8,3,1,0,0,81.7,0
30,9,5,1,0,0,113.8,1
30,10,0,0,0,0,56.3,0
30,11,5,2,0,0,92.6,0
30,12,0,0,0,0,54.5,0
30,13,2,1,0,0,17.8,0
30,14,0,0,0,0,15.3,0
30,15,4,2,0,0,136.3,0
30,16,4,1,0,0,53.9,0
30,17,8,1,0,0,94.5,0
30,18,1,0,0,0,83.9,0
30,19,4,2,0,3,34.4,1
30,20,5,1,1,0,27.7,1
30,21,3,0,0,0,28.9,0
30,22,7,2,0,0,151.5,1
30,23,6,1,0,0,61.4,0
30,24,6,2,1,0,62.5,1
30,25,2,1,0,0,42.6,0
30,26,0,1,0,0,16.1,1
30,27,7,2,1,0,94.2,1
30,28,3,1,0,0,40.7,0
30,29,4,1,0,0,33.0,1
30,30,1,0,0,0,141.2,0
30,31,3,1,0,0,88.9,0
30,32,2,0,0,2,20.4,1
30,33,6,1,0,0,45.4,0
30,34,3,2,0,0,37.8,1
30,35,2,0,0,0,38.0,1
30,36,5,2,0,0,42.5,1
30,37,6,2,1,0,177.7,1
30,38,7,2,0,0,61.5,1
30,39,0,1,0,0,88.9,0
30,40,2,1,0,0,45.5,1
30,41,0,0,1,0,27.6,0
30,42,7,1,1,0,77.0,1
30,43,7,1,0,0,81.7,1
30,44,4,0,0,1,74.4,0
30,45,2,1,0,0,78.5,0
30,46,1,0,0,0,40.5,0
30,47,4,1,1,0,110.8,1
30,48,4,1,0,5,71.3,1
30,49,2,0,0,0,90.0,1
30,50,3,0,0,0,19.1,1
30,51,8,1,0,0,74.4,1
30,52,3,0,0,0,43.1,1
30,53,6,2,0,0,61.4,1
30,54,2,0,0,0,28.8,0
30,55,2,0,0,3,86.3,1
30,56,4,1,0,0,86.8,0
30,57,8,2,0,0,121.3,1
30,58,3,0,0,0,46.8,1
30,59,3,1,0,0,41.3,1
30,60,2,0,0,0,41.6,0
31,1,2,1,0,1,122.0,0
31,2,2,0,0,0,39.5,0
31,3,5,2,0,0,77.0,1
31,4,5,2,0,0,97.7,1
31,5,1,1,0,1,61.6,1
31,6,7,2,1,1,161.8,1
31,7,2,0,0,0,83.3,0
31,8,5,2,0,2,96.3,1
31,9,3,1,0,0,40.0,0
31,10,6,2,0,0,81.4,1
31,11,1,0,1,0,44.8,0
31,12,5,1,0,0,107.2,1
31,13,3,1,0,2,38.7,1
31,14,0,0,0,0,52.5,0
31,15,8,1,0,0,125.2,1
31,16,1,0,0,0,96.9,0
31,17,8,2,1,0,82.9,1
31,18,3,0,1,0,45.0,0
31,19,5,2,0,0,69.4,0
31,20,2,0,0,0,98.9,0
31,21,1,2,0,0,25.7,1
31,22,1,0,0,0,12.9,0
31,23,1,0,0,0,101.3,0
31,24,4,0,0,0,69.9,0
31,25,7,2,0,3,142.9,1
31,26,6,2,0,0,38.0,0
31,27,4,1,0,0,58.9,0
31,28,5,2,0,0,81.8,1
31,29,2,1,0,0,25.8,0
31,30,4,1,0,3,111.5,1
31,31,4,0,0,1,24.8,1
31,32,2,1,0,0,72.6,0
31,33,8,1,0,1,44.1,1
31,34,8,2,0,0,60.1,1
31,35,2,0,0,0,24.5,0
31,36,7,0,0,0,45.4,0
31,37,2,0,0,0,29.7,0
31,38,2,0,0,0,62.1,0
31,39,5,1,0,3,31.4,1
31,40,0,0,0,0,9.1,0
31,41,3,0,0,0,73.7,0
31,42,2,1,0,0,34.9,0
31,43,8,0,0,0,59.0,0
31,44,7,2,1,0,189.1,0
31,45,3,2,0,0,22.4,0
31,46,2,2,1,1,127.5,1
31,47,3,1,0,0,97.7,0
31,48,2,0,0,3,99.1,0
31,49,4,1,0,5,34.5,1
31,50,8,0,0,0,84.9,1
31,51,6,1,0,0,46.1,1
31,52,6,1,0,0,64.2,1
31,53,6,2,0,0,80.9,0
31,54,6,1,1,0,50.6,1
31,55,3,0,1,0,57.1,0
31,56,1,0,0,0,82.5,0
31,57,6,2,0,1,56.1,1
31,58,5,2,0,0,93.4,0
31,59,4,1,0,0,57.5,1
31,60,0,0,0,2,4.2,0
32,1,0,1,0,0,66.4,1
32,2,1,1,0,0,24.7,0
32,3,1,0,0,2,75.5,0
32,4,8,1,0,0,42.8,1
32,5,5,2,0,0,36.3,0
32,6,6,2,0,0,121.6,0
32,7,8,2,1,0,117.1,1
32,8,5,0,1,0,95.7,0
32,9,7,2,0,0,84.5,1
32,10,0,0,0,0,12.2,0
32,11,1,0,0,0,65.0,0
32,12,1,0,0,0,25.7,0
32,13,3,0,1,0,63.2,0
32,14,5,1,0,0,67.1,1
32,15,8,2,0,0,50.1,1
32,16,4,2,1,0,63.1,1
32,17,8,0,0,0,64.3,0
32,18,1,0,0,0,28.8,0
32,19,4,1,0,2,63.2,1
32,20,8,1,0,0,58.9,1
32,21,5,1,0,0,90.1,1
32,22,3,1,0,0,139.6,0
32,23,6,1,0,0,63.1,0
32,24,7,1,0,0,101.2,0
32,25,4,1,0,3,35.4,1
32,26,3,1,0,0,98.5,0
32,27,6,2,0,0,101.6,1
32,28,6,1,1,0,114.5,0
32,29,6,2,1,0,52.0,1
32,30,1,0,0,0,78.3,0
32,31,8,1,0,0,64.6,0
32,32,3,1,0,0,105.4,0
32,33,1,0,1,0,20.9,0
32,34,6,2,0,0,51.2,0
32,35,0,0,0,0,62.5,0
32,36,8,2,0,0,64.1,0
32,37,7,2,1,1,51.7,1
32,38,1,0,0,0,85.0,0
32,39,1,0,0,0,7.7,1
32,40,3,2,0,0,125.3,1
32,41,8,1,0,0,160.5,0
32,42,1,0,0,0,22.8,0
32,43,6,2,0,0,96.0,1
32,44,7,2,0,0,55.1,1
32,45,8,2,0,1,118.9,1
32,46,6,2,0,0,84.3,1
32,47,3,1,0,0,23.6,1
32,48,6,1,0,0,62.2,0
32,49,1,0,0,1,46.6,0
32,50,7,0,0,0,76.2,0
32,51,7,2,1,0,68.0,1
32,52,3,1,1,0,20.1,0
32,53,2,0,0,0,46.6,0
32,54,5,0,1,0,55.9,0
32,55,2,0,0,0,29.5,0
32,56,4,1,0,0,139.7,1
32,57,1,0,1,0,24.0,0
32,58,1,0,0,3,63.2,1
32,59,4,1,0,3,35.1,1
32,60,2,0,0,0,182.6,0
33,1,3,1,0,0,42.9,1
33,2,2,1,0,0,13.7,1
33,3,1,1,1,0,41.3,0
33,4,4,0,0,0,47.4,1
33,5,0,0,0,3,168.7,1
33,6,4,2,0,2,79.7,1
33,7,1,0,0,0,33.6,0
33,8,8,1,0,0,108.9,1
33,9,3,0,0,0,42.7,0
33,10,8,1,0,0,63.6,0
33,11,4,0,1,0,116.9,0
33,12,4,0,0,0,45.2,0
33,13,8,1,1,0,77.5,1
33,14,7,2,1,0,61.3,1
33,15,8,2,0,0,72.1,0
33,16,7,2,1,0,144.4,1
33,17,7,0,0,0,107.8,1
33,18,2,0,0,0,80.9,0
33,19,6,1,0,0,75.4,1
33,20,7,1,0,0,46.0,1
33,21,6,2,0,0,115.3,1
33,22,2,0,0,0,51.1,0
33,23,4,1,1,0,33.7,1
33,24,7,2,0,0,82.9,1
33,25,5,1,0,0,55.1,0
33,26,3,1,0,0,43.9,0
33,27,1,0,0,0,67.7,0
33,28,0,0,0,0,57.9,0
33,29,7,2,0,0,47.7,1
33,30,0,0,0,0,30.8,1
33,31,3,1,0,0,70.2,1
33,32,1,1,0,0,32.0,0
33,33,7,1,0,0,169.1,1
33,34,0,0,0,0,26.2,0
33,35,2,1,1,0,52.2,0
33,36,3,0,0,0,40.2,0
33,37,1,0,1,0,92.0,0
33,38,1,1,0,0,67.9,1
33,39,1,0,0,0,88.2,0
33,40,1,1,0,0,59.9,0
33,41,1,0,0,3,164.1,1
33,42,8,2,1,0,56.2,1
33,43,5,1,0,0,63.5,0
33,44,3,1,0,0,70.0,1
33,45,8,1,0,0,82.9,1
33,46,7,2,0,0,74.8,1
33,47,0,0,0,0,69.5,0
33,48,4,0,0,0,50.3,1
33,49,0,0,0,0,38.6,0
33,50,4,2,0,0,34.7,1
33,51,1,1,0,0,61.5,0
33,52,8,0,0,3,43.4,0
33,53,7,2,0,1,192.5,1
33,54,5,2,0,0,41.4,1
33,55,2,1,0,0,76.1,0
33,56,8,2,0,0,46.6,1
33,57,3,1,0,0,92.1,0
33,58,6,1,0,0,50.2,0
33,59,5,1,0,0,140.9,1
33,60,6,1,0,0,141.6,1
34,1,0,0,0,0,13.1,0
34,2,5,2,0,0,115.7,1
34,3,5,0,0,0,59.9,0
34,4,4,0,0,0,86.4,0
34,5,0,0,0,0,73.2,0
34,6,3,0,0,0,173.2,0
34,7,5,0,1,0,54.3,0
34,8,7,2,0,0,110.2,1
34,9,4,2,0,3,97.4,1
34,10,0,0,0,0,30.8,0
34,11,7,2,1,0,69.6,0
34,12,5,1,0,0,97.2,0
34,13,6,0,0,0,83.8,0
34,14,5,2,0,0,114.9,0
34,15,8,1,0,0,90.5,1
34,16,7,2,0,0,68.2,1
34,17,4,1,0,0,77.5,1
34,18,7,1,1,2,135.5,1
34,19,8,2,0,0,50.8,1
34,20,1,0,0,0,43.0,0
34,21,0,0,0,0,83.3,0
34,22,4,0,0,0,156.1,0
34,23,6,1,1,3,137.8,1
34,24,5,0,0,3,87.7,0
34,25,4,1,0,0,84.1,0
34,26,3,2,0,0,27.7,1
34,27,4,2,0,3,55.7,1
34,28,5,1,0,0,70.2,0
34,29,4,1,0,0,66.8,0
34,30,7,1,0,0,42.7,0
34,31,6,1,0,0,79.7,1
34,32,2,0,0,2,66.8,0
34,33,7,1,0,0,49.4,1
34,34,2,0,0,0,41.8,0
34,35,0,0,0,0,103.2,0
34,36,7,0,0,1,108.4,1
34,37,1,0,0,3,21.1,0
34,38,2,1,1,0,32.6,1
34,39,7,1,0,0,115.4,1
34,40,8,2,0,0,87.3,1
34,41,5,1,0,0,109.4,0
34,42,4,2,0,0,26.2,0
34,43,0,0,0,0,60.8,0
34,44,1,0,1,4,29.8,0
34,45,7,1,0,3,57.3,1
34,46,7,2,0,0,97.1,1
34,47,2,1,0,0,28.3,1
34,48,7,1,0,1,116.1,0
34,49,5,0,0,3,56.5,0
34,50,0,0,0,1,8.9,1
34,51,3,1,0,3,136.5,1
34,52,1,1,0,0,66.7,0
34,53,4,1,0,0,79.2,0
34,54,7,1,0,0,54.7,1
34,55,6,2,0,0,54.4,1
34,56,7,1,0,3,85.9,1
34,57,6,2,1,0,96.8,1
34,58,8,2,0,0,151.7,1
34,59,0,0,0,1,39.6,0
34,60,1,0,0,0,10.5,0
35,1,5,1,0,0,52.9,1
35,2,5,0,0,0,49.0,1
35,3,5,0,0,0,82.7,0
35,4,2,0,0,0,73.3,0
35,5,5,1,0,0,111.3,0
35,6,2,0,0,1,13.8,1
35,7,7,1,0,0,55.8,0
35,8,2,0,0,0,34.2,0
35,9,7,1,0,0,109.1,0
35,10,0,0,0,0,38.7,1
35,11,1,0,0,0,111.8,1
35,12,1,0,0,2,67.2,0
35,13,5,1,0,0,34.2,0
35,14,3,2,0,0,46.6,0
35,15,4,1,0,0,43.4,0
35,16,7,2,0,0,38.0,1
35,17,8,2,0,0,184.2,0
35,18,3,0,0,0,49.6,0
35,19,1,0,0,0,65.9,0
35,20,7,1,0,0,59.5,0
35,21,0,1,0,0,6.3,1
35,22,3,0,0,1,93.7,0
35,23,3,2,0,0,49.0,0
35,24,4,2,0,0,109.8,1
35,25,4,0,1,0,53.2,0
35,26,6,2,0,0,41.6,0
35,27,2,0,0,0,83.2,0
35,28,1,1,0,0,31.9,0
35,29,2,0,0,0,41.2,1
35,30,1,0,0,0,15.1,0
35,31,1,0,0,0,129.6,0
35,32,8,1,1,0,134.7,1
35,33,6,1,0,3,82.4,1
35,34,7,1,0,0,101.4,0
35,35,1,1,0,0,57.6,0
35,36,8,2,0,0,45.4,1
35,37,4,0,0,0,72.9,0
35,38,5,1,0,0,45.7,0
35,39,1,1,0,0,20.9,0
35,40,7,1,0,0,169.1,1
35,41,5,2,0,0,168.9,0
35,42,4,1,0,0,45.9,0
35,43,8,1,1,0,88.6,0
35,44,6,2,0,0,55.5,1
35,45,3,1,1,0,77.6,0
35,46,2,1,0,0,87.3,0
35,47,0,0,0,0,49.2,0
35,48,7,1,0,0,70.0,1
35,49,1,0,0,0,63.1,0
35,50,6,1,1,0,78.5,1
35,51,3,2,0,0,42.8,1
35,52,8,2,0,0,91.9,0
35,53,0,0,0,0,57.3,0
35,54,8,0,0,0,75.4,1
35,55,8,1,0,0,69.9,0
35,56,4,2,0,3,95.3,1
35,57,7,2,0,0,62.9,1
35,58,2,1,0,0,128.2,0
35,59,5,1,0,0,57.5,0
35,60,6,1,0,0,102.7,0
36,1,6,1,1,0,65.1,0
36,2,0,0,0,0,45.9,0
36,3,8,2,0,0,48.4,0
36,4,6,1,0,0,85.4,1
36,5,0,1,0,0,40.0,0
36,6,4,1,0,0,34.9,0
36,7,2,2,0,0,108.5,1
36,8,2,0,0,0,103.2,0
36,9,5,1,0,0,97.0,0
36,10,0,0,0,0,62.8,0
36,11,4,0,0,0,60.4,1
36,12,7,1,0,1,196.8,0
36,13,5,0,0,0,56.3,0
36,14,3,1,0,0,45.0,0
36,15,0,1,0,0,15.6,0
36,16,7,0,1,0,88.9,0
36,17,5,1,1,1,30.8,1
36,18,7,2,0,0,77.5,1
36,19,1,2,0,2,125.3,1
36,20,5,2,0,0,43.7,0
36,21,5,1,0,0,116.1,0
36,22,0,0,0,0,59.0,0
36,23,7,1,0,0,95.2,1
36,24,0,1,0,0,37.5,0
36,25,4,1,0,0,99.3,1
36,26,1,0,0,2,67.6,1
36,27,0,0,0,0,46.9,0
36,28,4,0,0,0,105.2,0
36,29,6,1,0,0,104.6,1
36,30,2,1,0,0,35.4,1
36,31,3,1,0,0,37.3,0
36,32,5,1,0,1,105.1,1
36,33,1,0,0,0,64.0,0
36,34,4,1,0,0,89.2,1
36,35,0,0,1,0,22.9,0
36,36,5,0,0,0,144.0,0
36,37,1,0,0,0,28.5,0
36,38,3,1,0,0,39.6,0
36,39,4,0,0,0,74.3,1
36,40,6,0,0,0,44.9,0
36,41,4,2,0,0,31.3,1
36,42,0,0,0,0,10.6,0
36,43,3,0,0,0,121.4,1
36,44,3,0,0,0,52.4,1
36,45,0,0,0,0,32.2,0
36,46,8,2,0,0,51.2,1
36,47,2,1,0,0,115.3,0
36,48,8,2,0,0,110.9,0
36,49,8,1,1,0,68.3,1
36,50,1,1,0,2,26.2,0
36,51,0,0,1,0,17.5,0
36,52,3,1,0,0,150.5,0
36,53,3,1,0,0,38.6,0
36,54,2,0,0,0,63.1,0
36,55,0,0,0,0,25.1,0
36,56,3,1,0,0,86.9,1
36,57,4,0,0,0,121.0,0
36,58,2,1,0,0,116.2,0
36,59,3,2,0,2,96.0,1
36,60,0,0,0,0,38.8,0
37,1,3,1,0,0,103.2,0
37,2,1,0,0,0,96.2,0
37,3,1,1,0,0,43.6,0
37,4,6,1,1,0,65.3,1
37,5,0,0,0,0,26.4,0
37,6,4,1,0,0,59.0,1
37,7,6,1,0,0,157.5,1
37,8,4,1,0,1,92.5,0
37,9,8,1,0,0,132.3,1
37,10,3,2,0,0,57.2,1
37,11,5,2,0,0,75.4,0
37,12,8,2,1,0,80.3,1
37,13,0,0,0,0,139.9,1
37,14,1,0,0,2,43.2,0
37,15,3,0,0,0,90.9,0
37,16,2,1,0,0,74.9,1
37,17,5,1,0,0,46.8,0
37,18,0,1,0,0,55.0,0
37,19,3,1,0,0,33.9,0
37,20,1,1,0,0,63.4,1
37,21,1,0,0,0,46.3,0
37,22,8,2,1,0,61.0,1
37,23,3,0,1,0,24.3,0
37,24,0,0,0,0,130.4,0
37,25,7,1,0,0,66.5,0
37,26,8,2,0,0,81.5,1
37,27,1,0,0,0,30.2,0
37,28,6,2,0,0,55.2,1
37,29,7,2,1,0,38.1,0
37,30,7,2,1,0,128.5,0
37,31,8,1,0,0,52.8,0
37,32,5,1,1,0,35.4,0
37,33,3,1,1,0,54.2,0
37,34,8,1,0,0,79.0,1
37,35,5,2,0,0,39.1,1
37,36,3,0,0,0,137.3,0
37,37,6,1,0,0,57.7,0
37,38,8,2,0,0,78.2,1
37,39,5,2,0,0,41.3,1
37,40,2,0,0,0,64.2,0
37,41,7,1,0,0,74.5,0
37,42,2,0,0,0,109.8,0
37,43,4,2,1,0,93.6,1
37,44,6,2,1,0,108.2,0
37,45,2,0,0,0,59.0,1
37,46,1,0,0,0,13.2,0
37,47,0,0,0,0,21.5,0
37,48,1,1,1,2,58.3,0
37,49,2,0,0,0,71.1,0
37,50,7,2,0,0,67.5,1
37,51,1,0,1,0,60.3,0
37,52,0,0,0,0,36.7,1
37,53,2,1,0,0,82.3,0
37,54,8,1,0,0,89.1,0
37,55,0,0,0,0,149.4,0
37,56,0,0,0,0,140.5,0
37,57,0,0,0,0,40.6,0
37,58,4,1,0,0,52.2,0
37,59,7,2,1,0,104.1,1
37,60,7,2,0,0,55.5,1
38,1,0,1,0,1,60.0,1
38,2,0,0,0,0,5.4,1
38,3,3,0,0,0,34.8,0
38,4,0,0,0,0,59.6,0
38,5,4,1,1,1,59.9,0
38,6,6,1,0,0,53.4,0
38,7,0,0,0,0,48.3,0
38,8,4,1,0,0,56.3,0
38,9,1,1,0,0,32.6,0
38,10,2,1,0,0,73.5,0
38,11,1,0,0,0,97.1,0
38,12,0,0,0,0,42.9,0
38,13,7,2,0,2,61.0,1
38,14,0,0,1,0,33.5,0
38,15,8,1,1,0,107.5,1
38,16,2,1,0,0,65.4,1
38,17,1,0,0,0,37.6,1
38,18,6,1,0,0,55.5,0
38,19,4,0,0,0,94.1,0
38,20,2,0,0,0,75.3,0
38,21,3,0,1,0,99.5,0
38,22,7,2,0,0,113.5,1
38,23,2,0,0,3,93.4,1
38,24,7,2,0,0,57.8,0
38,25,4,0,0,0,72.8,0
38,26,7,1,0,0,41.5,0
38,27,2,0,0,0,72.0,0
38,28,5,0,0,0,30.0,0
38,29,6,2,0,0,99.3,1
38,30,0,0,0,0,36.6,0
38,31,6,1,0,0,59.9,1
38,32,2,0,0,0,36.4,0
38,33,4,0,0,0,96.0,0
38,34,7,2,0,0,90.7,1
38,35,4,1,0,0,43.1,0
38,36,3,0,1,1,38.3,0
38,37,5,1,0,0,99.0,0
38,38,6,1,0,0,53.1,1
38,39,3,1,0,2,41.8,1
38,40,1,1,0,0,20.2,0
38,41,5,1,1,0,99.5,1
38,42,5,2,0,0,76.5,0
38,43,1,1,0,4,51.3,1
38,44,4,1,0,0,131.8,0
38,45,2,1,0,0,17.9,1
38,46,1,0,0,0,25.8,0
38,47,3,0,0,0,16.0,0
38,48,7,1,0,0,67.3,0
38,49,1,0,0,0,14.7,0
38,50,4,2,0,0,58.2,1
38,51,5,1,0,0,62.3,1
38,52,6,0,0,0,54.7,1
38,53,3,1,0,0,16.6,0
38,54,4,1,0,0,26.9,0
38,55,8,1,0,0,69.7,0
38,56,6,2,0,3,61.9,1
38,57,7,1,0,3,87.3,0
38,58,7,2,0,2,83.2,1
38,59,1,1,0,0,76.4,0
38,60,5,2,0,0,38.8,0
39,1,0,0,0,0,31.1,0
39,2,4,0,0,0,78.8,0
39,3,7,2,0,0,68.8,1
39,4,3,1,0,0,102.5,0
39,5,6,1,0,0,45.5,0
39,6,8,2,0,0,57.2,1
39,7,2,0,0,0,32.8,0
39,8,5,1,0,0,165.0,0
39,9,8,1,1,0,105.7,1
39,10,8,2,1,0,92.8,1
39,11,1,0,0,0,22.3,0
39,12,7,2,0,0,99.7,0
39,13,3,0,1,0,44.5,0
39,14,6,1,0,0,59.3,1
39,15,8,2,0,0,76.1,1
39,16,7,0,0,0,121.5,0
39,17,4,2,0,3,35.4,1
39,18,3,0,0,0,56.4,0
39,19,3,1,1,4,58.1,1
39,20,2,0,0,0,54.1,0
39,21,4,1,1,1,181.9,0
39,22,2,0,0,0,48.0,0
39,23,5,1,1,0,94.6,1
39,24,8,2,0,0,91.5,1
39,25,4,2,0,0,90.3,1
39,26,5,1,1,0,39.1,0
39,27,7,1,1,0,111.7,0
39,28,4,1,0,0,87.7,0
39,29,5,0,1,0,125.0,0
39,30,8,1,0,0,124.2,1
39,31,8,2,1,0,55.2,0
39,32,0,0,0,0,32.5,0
39,33,5,2,0,0,67.9,1
39,34,5,1,0,0,87.2,1
39,35,4,1,0,0,96.3,1
39,36,0,0,0,0,13.3,0
39,37,2,1,0,0,51.8,0
39,38,1,1,0,0,25.4,0
39,39,6,2,1,0,64.9,0
39,40,8,2,1,0,83.1,1
39,41,2,1,0,0,34.9,1
39,42,2,2,0,0,16.9,0
39,43,0,0,0,3,11.7,0
39,44,5,1,0,0,91.2,0
39,45,7,1,0,0,64.7,1
39,46,6,1,1,0,102.5,1
39,47,5,1,0,0,122.7,1
39,48,7,2,0,0,88.7,1
39,49,4,1,1,0,135.6,1
39,50,3,1,0,0,41.1,1
39,51,1,0,0,0,75.9,0
39,52,1,1,0,0,40.0,0
39,53,6,0,0,0,115.7,0
39,54,5,0,0,2,94.0,0
39,55,7,1,1,0,55.2,0
39,56,6,1,0,0,99.8,1
39,57,1,0,0,0,20.4,0
39,58,3,1,1,0,17.8,0
39,59,0,0,0,1,31.9,0
39,60,4,1,0,0,129.2,1
40,1,6,1,1,2,66.3,1
40,2,5,1,1,3,32.8,1
40,3,7,2,0,0,105.2,1
40,4,3,2,1,0,47.6,1
40,5,7,1,1,1,72.8,1
40,6,3,0,1,2,34.4,0
40,7,8,1,1,0,49.0,1
40,8,6,1,0,1,59.3,1
40,9,6,1,0,2,77.9,1
40,10,2,0,0,0,69.4,0
40,11,3,1,0,0,134.3,0
40,12,3,1,0,0,84.0,0
40,13,3,1,0,2,56.7,1
40,14,6,2,0,0,37.2,1
40,15,5,2,0,2,50.0,1
40,16,7,2,0,0,43.6,1
40,17,0,0,0,0,42.9,0
40,18,1,0,0,0,40.2,0
40,19,0,1,0,0,38.1,0
40,20,4,0,0,1,37.7,0
40,21,4,0,1,0,55.3,1
40,22,0,0,0,0,27.3,0
40,23,1,0,0,0,76.0,0
40,24,2,0,1,0,45.6,0
40,25,6,1,0,1,55.1,1
40,26,2,1,0,0,67.4,0
40,27,2,0,0,0,50.8,1
40,28,3,1,0,0,79.6,1
40,29,6,1,0,2,80.2,0
40,30,1,0,0,0,39.2,0
40,31,4,1,1,0,65.7,1
40,32,6,0,0,0,113.9,0
40,33,2,0,0,0,77.4,0
40,34,0,0,0,0,40.5,0
40,35,4,2,0,0,114.5,1
40,36,1,0,0,0,13.0,0
40,37,6,0,1,1,66.3,1
40,38,5,2,0,0,69.6,0
40,39,2,0,0,3,38.2,1
40,40,8,2,0,0,80.9,1
40,41,3,1,0,0,78.6,1
40,42,7,2,1,5,82.6,1
40,43,1,0,0,0,61.7,0
40,44,1,0,0,0,53.6,0
40,45,5,2,1,0,83.6,1
40,46,6,2,0,0,107.0,1
40,47,4,0,0,0,33.1,0
40,48,7,2,1,0,103.5,1
40,49,7,2,0,2,84.3,1
40,50,1,0,1,0,97.8,1
40,51,7,2,0,0,106.5,1
40,52,1,0,0,1,49.3,1
40,53,4,2,0,2,89.6,0
40,54,2,1,0,0,65.5,0
40,55,7,2,0,0,102.7,1
40,56,4,1,0,0,40.9,1
40,57,3,0,0,0,33.5,1
40,58,8,2,0,0,71.3,1
40,59,3,1,0,0,47.2,0
40,60,2,0,0,0,60.9,0
41,1,0,0,0,0,8.8,0
41,2,5,1,0,3,76.7,1
41,3,1,0,0,0,103.3,0
41,4,7,2,0,0,127.5,1
41,5,5,2,0,0,53.1,1
41,6,4,1,0,0,56.5,0
41,7,2,0,0,1,14.1,1
41,8,5,2,0,0,66.9,1
41,9,7,2,0,0,101.7,1
41,10,7,1,0,0,94.3,1
41,11,7,1,0,0,60.3,1
41,12,3,0,0,0,119.4,0
41,13,3,0,0,0,57.1,0
41,14,1,0,0,1,71.3,0
41,15,1,0,0,0,69.0,0
41,16,3,1,0,3,80.1,0
41,17,2,0,0,0,44.1,0
41,18,4,0,0,0,36.7,0
41,19,5,1,0,0,67.6,0
41,20,4,0,0,2,84.0,1
41,21,5,1,0,0,138.9,1
41,22,3,0,0,1,58.5,0
41,23,5,1,0,0,148.1,0
41,24,6,0,1,0,49.6,0
41,25,6,2,0,0,138.5,0
41,26,0,0,0,0,72.4,0
41,27,7,1,0,0,80.1,0
41,28,4,1,0,0,35.2,0
41,29,5,1,0,0,50.7,0
41,30,0,0,0,0,143.9,0
41,31,5,1,0,0,43.5,0
41,32,6,0,0,2,113.9,1
41,33,6,1,0,0,68.2,1
41,34,2,0,0,2,18.5,0
41,35,6,1,0,0,40.1,0
41,36,1,0,0,0,24.4,0
41,37,5,1,1,0,55.5,0
41,38,4,1,0,0,55.5,1
41,39,1,1,0,0,43.7,1
41,40,4,2,0,0,64.5,0
41,41,2,0,0,0,19.2,0
41,42,0,0,0,0,82.6,0
41,43,4,1,0,1,91.7,1
41,44,0,0,0,0,62.4,0
41,45,6,1,1,0,87.4,1
41,46,8,1,1,0,112.5,1
41,47,2,0,0,0,18.3,0
41,48,0,0,0,0,13.2,0
41,49,0,0,0,3,71.8,0
41,50,4,1,0,0,32.9,1
41,51,5,0,0,2,45.3,0
41,52,4,0,1,2,42.7,0
41,53,2,0,0,0,62.1,0
41,54,1,0,0,2,24.6,0
41,55,6,1,0,0,51.0,1
41,56,0,0,0,0,23.4,0
41,57,7,1,0,0,56.0,0
41,58,6,1,0,0,53.1,0
41,59,6,1,1,0,64.0,1
41,60,5,2,0,1,32.0,1
42,1,3,0,0,0,38.6,0
42,2,3,1,0,0,34.8,0
42,3,6,1,0,0,56.3,0
42,4,5,1,0,2,31.5,0
42,5,8,1,0,0,146.7,0
42,6,2,1,0,0,45.4,0
42,7,6,1,1,0,35.3,0
42,8,8,0,0,0,74.1,0
42,9,1,0,0,0,81.8,0
42,10,8,2,0,0,91.0,1
42,11,5,2,0,0,36.6,1
42,12,2,0,0,0,37.7,0
42,13,0,1,0,0,25.1,0
42,14,8,1,0,0,107.7,1
42,15,7,1,0,0,73.4,1
42,16,1,0,0,0,88.1,0
42,17,1,0,0,0,84.0,0
42,18,2,0,0,3,50.0,0
42,19,3,1,1,0,32.0,1
42,20,0,0,0,0,42.6,0
42,21,2,1,0,0,72.8,1
42,22,2,0,1,0,18.6,1
42,23,0,0,0,0,11.1,0
42,24,4,2,0,0,86.5,1
42,25,5,0,0,2,114.6,0
42,26,8,2,0,0,150.8,1
42,27,1,0,0,0,26.5,0
42,28,2,0,0,0,77.0,0
42,29,5,2,0,0,31.1,0
42,30,6,2,0,0,89.9,0
42,31,7,0,0,0,60.2,0
42,32,0,0,0,0,7.9,0
42,33,1,1,0,1,15.6,0
42,34,4,1,0,0,108.8,0
42,35,0,0,0,0,11.1,0
42,36,3,1,0,0,70.7,1
42,37,8,1,0,2,54.5,1
42,38,6,1,0,0,55.6,1
42,39,1,0,0,0,10.8,1
42,40,6,1,0,2,68.5,1
42,41,0,0,0,0,35.5,0
42,42,4,1,0,2,51.8,1
42,43,8,2,0,3,81.6,1
42,44,4,1,0,0,31.9,1
42,45,6,2,0,0,95.1,1
42,46,0,1,0,0,16.8,0
42,47,1,0,0,0,25.1,0
42,48,4,0,0,0,81.2,0
42,49,0,0,0,0,21.1,1
42,50,0,0,0,0,86.0,0
42,51,7,2,0,0,83.4,1
42,52,4,1,0,0,48.4,1
42,53,5,1,0,3,50.0,1
42,54,7,2,0,2,102.8,1
42,55,1,1,0,0,60.1,0
42,56,6,1,1,0,68.9,1
42,57,5,1,0,0,103.6,1
42,58,7,2,0,0,70.7,1
42,59,5,2,0,0,84.9,1
42,60,6,1,0,3,45.7,1
43,1,6,1,0,0,31.5,0
43,2,3,2,0,0,51.3,1
43,3,2,1,0,0,59.7,0
43,4,1,1,0,4,43.8,0
43,5,1,0,0,0,15.6,0
43,6,6,1,1,0,47.9,1
43,7,2,1,0,3,25.1,1
43,8,1,1,0,0,50.0,0
43,9,7,2,0,0,52.9,0
43,10,0,0,0,0,16.7,0
43,11,3,0,0,0,48.2,1
43,12,5,1,1,0,103.2,1
43,13,7,2,0,0,135.0,1
43,14,2,0,0,0,27.2,0
43,15,8,2,0,0,159.1,1
43,16,3,2,0,3,101.9,0
43,17,8,2,0,0,53.5,1
43,18,2,0,0,0,18.2,0
43,19,7,2,1,0,77.3,1
43,20,5,0,1,0,66.9,0
43,21,5,1,0,0,53.6,1
43,22,4,1,0,0,29.6,0
43,23,0,0,0,0,48.5,0
43,24,6,2,0,2,69.7,1
43,25,5,1,0,0,122.0,0
43,26,6,1,0,0,60.9,0
43,27,8,1,0,0,61.1,0
43,28,3,0,0,0,68.9,0
43,29,4,1,0,0,117.0,0
43,30,5,0,0,0,79.3,1
43,31,6,0,0,0,51.2,1
43,32,7,2,0,0,123.5,1
43,33,5,1,1,0,73.6,0
43,34,7,2,1,0,59.3,1
43,35,0,0,0,0,56.9,0
43,36,2,1,0,0,16.2,0
43,37,0,0,0,0,30.5,1
43,38,4,0,0,0,34.6,0
43,39,7,0,0,0,102.9,1
43,40,8,1,1,0,111.7,1
43,41,7,1,0,3,65.1,1
43,42,4,1,0,0,66.6,0
43,43,0,0,0,0,96.7,0
43,44,8,2,0,1,97.6,1
43,45,0,0,0,0,10.4,0
43,46,8,1,0,1,73.4,0
43,47,7,1,0,0,77.2,1
43,48,5,1,0,3,68.1,1
43,49,3,1,0,0,25.8,0
43,50,0,0,0,0,29.7,0
43,51,4,2,0,0,64.5,1
43,52,6,1,0,3,106.2,1
43,53,2,0,0,0,70.3,0
43,54,0,0,0,1,44.5,1
43,55,8,2,0,0,64.5,1
43,56,5,1,0,0,67.1,1
43,57,6,2,0,0,34.2,1
43,58,1,0,0,0,109.3,0
43,59,3,2,0,0,32.2,1
43,60,7,2,1,0,76.1,1
44,1,8,0,0,0,124.5,1
44,2,8,0,1,3,50.6,1
44,3,8,2,0,0,77.9,0
44,4,8,1,1,0,111.0,1
44,5,8,1,0,0,51.9,1
44,6,5,1,0,3,96.3,0
44,7,5,1,0,0,82.2,0
44,8,0,0,0,0,43.0,0
44,9,4,1,0,2,102.0,1
44,10,6,2,0,0,41.1,0
44,11,3,2,0,1,24.7,1
44,12,3,0,0,0,60.1,0
44,13,8,2,0,0,73.5,0
44,14,0,0,0,0,128.1,0
44,15,5,2,0,0,55.5,1
44,16,2,1,0,0,18.1,0
44,17,7,2,1,0,127.8,1
44,18,7,1,0,0,65.2,0
44,19,6,0,0,0,103.1,0
44,20,0,0,0,0,148.8,0
44,21,8,2,0,3,65.6,1
44,22,7,2,1,0,81.4,1
44,23,8,1,0,0,129.3,1
44,24,1,0,0,0,40.7,1
44,25,8,2,0,0,51.8,0
44,26,0,0,0,0,17.4,1
44,27,6,2,1,0,39.3,1
44,28,0,0,0,0,90.2,0
44,29,4,2,1,1,56.2,1
44,30,2,0,0,0,31.1,0
44,31,7,2,0,0,53.7,1
44,32,7,2,0,0,82.5,1
44,33,0,0,0,0,47.8,0
44,34,7,2,0,0,55.5,1
44,35,3,0,1,0,19.4,0
44,36,2,1,0,1,75.6,0
44,37,2,0,0,3,74.6,1
44,38,7,1,1,0,53.6,1
44,39,7,2,0,3,50.0,1
44,40,6,1,0,0,40.8,1
44,41,5,1,1,0,39.3,1
44,42,3,1,1,3,121.2,1
44,43,8,2,0,3,55.2,1
44,44,4,2,0,0,31.5,1
44,45,2,0,0,0,91.6,0
44,46,3,2,0,0,36.4,0
44,47,2,1,0,0,71.7,0
44,48,4,1,0,0,76.9,0
44,49,8,1,0,0,51.1,0
44,50,4,1,0,1,84.2,0
44,51,0,0,0,0,56.9,0
44,52,3,1,0,0,192.3,0
44,53,7,2,0,0,112.5,1
44,54,2,0,0,0,24.6,0
44,55,4,2,0,0,105.7,0
44,56,6,1,0,0,69.8,0
44,57,4,0,0,0,78.2,0
44,58,0,0,0,1,18.9,0
44,59,0,1,0,0,74.9,0
44,60,4,1,1,0,130.8,1
45,1,0,0,0,0,5.9,0
45,2,2,1,1,0,15.9,0
45,3,1,0,0,0,25.2,0
45,4,6,2,1,1,41.7,1
45,5,5,0,0,0,49.8,1
45,6,3,1,0,1,81.2,1
45,7,4,1,0,0,36.8,0
45,8,1,1,0,3,19.8,0
45,9,7,2,0,0,61.0,1
45,10,5,0,0,0,74.7,0
45,11,2,0,0,0,26.6,0
45,12,2,0,0,0,44.5,0
45,13,3,1,0,0,76.5,0
45,14,8,2,1,1,62.5,1
45,15,7,2,1,0,58.8,1
45,16,7,2,0,2,73.1,1
45,17,1,0,0,3,39.6,1
45,18,4,0,0,3,174.0,1
45,19,4,2,0,0,68.0,1
45,20,7,1,0,0,83.7,0
45,21,4,0,0,0,80.4,0
45,22,7,1,0,0,49.2,1
45,23,5,2,0,0,78.2,1
45,24,6,1,0,0,110.2,1
45,25,4,0,0,0,67.8,0
45,26,6,2,0,0,107.6,0
45,27,0,0,0,0,27.9,0
45,28,3,1,0,0,39.1,0
45,29,7,1,1,0,173.4,1
45,30,8,1,0,0,177.2,1
45,31,2,1,0,1,103.0,0
45,32,8,2,0,0,66.9,1
45,33,2,2,1,0,177.5,0
45,34,5,2,0,0,117.7,0
45,35,5,1,0,0,90.3,0
45,36,1,0,0,0,150.2,0
45,37,1,0,0,2,31.1,0
45,38,7,1,0,1,110.4,1
45,39,5,0,1,0,86.6,0
45,40,8,0,0,0,113.6,1
45,41,6,1,0,0,124.2,1
45,42,1,1,0,0,51.8,0
45,43,8,1,0,0,178.5,0
45,44,3,0,0,0,58.8,0
45,45,1,0,0,0,73.1,0
45,46,7,2,0,0,49.9,0
45,47,5,2,0,0,66.6,1
45,48,7,1,0,0,65.0,0
45,49,4,0,0,0,56.5,0
45,50,8,1,0,0,58.3,1
45,51,1,0,0,0,13.4,1
45,52,4,1,0,0,51.2,0
45,53,0,0,0,1,51.1,0
45,54,5,2,0,0,37.4,1
45,55,6,2,0,0,122.4,1
45,56,4,1,0,1,64.9,1
45,57,4,0,0,0,93.1,1
45,58,3,2,0,0,24.1,0
45,59,3,0,0,0,125.5,0
45,60,4,0,0,0,58.3,0
46,1,3,0,0,0,41.5,0
46,2,7,1,0,2,53.7,1
46,3,6,1,1,0,133.9,1
46,4,2,1,1,0,48.0,0
46,5,0,0,0,0,37.2,0
46,6,1,0,0,3,23.3,1
46,7,1,0,0,1,22.8,0
46,8,2,0,0,0,91.1,0
46,9,8,2,1,0,135.6,1
46,10,4,2,0,0,105.6,0
46,11,5,1,1,0,71.9,1
46,12,2,0,0,1,34.8,0
46,13,2,2,0,3,35.5,0
46,14,7,2,0,0,57.5,0
46,15,5,2,0,0,32.5,0
46,16,2,2,0,0,97.5,0
46,17,1,0,0,0,47.2,0
46,18,6,2,0,0,57.4,1
46,19,5,2,0,0,72.2,1
46,20,6,1,1,0,81.6,0
46,21,6,0,1,0,95.6,1
46,22,0,0,0,0,7.2,0
46,23,6,1,0,0,68.8,1
46,24,0,0,0,0,76.8,1
46,25,4,1,1,0,48.4,0
46,26,7,1,0,0,55.1,1
46,27,3,2,0,0,25.7,0
46,28,5,1,1,0,167.0,1
46,29,4,2,1,0,73.6,1
46,30,1,0,0,2,39.9,0
46,31,6,2,0,2,113.5,0
46,32,6,1,0,0,148.2,0
46,33,7,2,0,0,112.4,1
46,34,0,0,0,0,45.7,0
46,35,3,2,0,0,35.4,1
46,36,8,1,0,2,88.4,1
46,37,7,2,0,0,83.4,1
46,38,8,0,0,0,157.3,1
46,39,7,1,0,0,46.8,0
46,40,5,1,0,0,85.9,1
46,41,0,0,0,0,19.9,0
46,42,6,1,1,0,64.7,0
46,43,1,0,0,0,29.5,1
46,44,3,1,0,0,40.9,1
46,45,4,1,0,0,56.8,0
46,46,5,0,1,0,54.1,1
46,47,8,1,0,3,174.9,1
46,48,8,1,1,3,112.2,1
46,49,5,1,1,3,61.9,0
46,50,3,1,0,0,50.9,1
46,51,3,1,0,0,97.4,0
46,52,3,1,1,1,48.9,0
46,53,1,1,0,0,25.6,0
46,54,4,1,0,0,45.4,1
46,55,4,2,0,0,49.1,1
46,56,2,1,0,0,35.5,0
46,57,6,2,1,3,65.2,1
46,58,7,1,0,2,94.5,1
46,59,5,1,0,0,117.6,0
46,60,2,0,0,0,31.3,0
47,1,4,1,0,0,52.5,0
47,2,1,0,0,0,45.8,0
47,3,5,1,0,3,60.1,0
47,4,6,2,0,0,70.0,1
47,5,4,1,0,0,63.3,0
47,6,8,1,0,0,104.9,0
47,7,2,0,0,0,22.9,0
47,8,6,1,0,0,43.4,1
47,9,0,0,0,0,56.4,0
47,10,2,1,0,3,29.7,0
47,11,1,0,0,0,55.2,0
47,12,1,1,0,0,16.3,0
47,13,2,0,1,0,39.8,0
47,14,5,0,0,0,91.0,0
47,15,0,0,0,0,33.3,0
47,16,6,2,0,0,50.8,1
47,17,4,1,0,0,30.9,0
47,18,7,1,0,0,149.7,0
47,19,1,0,0,0,34.0,0
47,20,1,0,0,0,50.7,0
47,21,6,2,0,0,55.8,1
47,22,3,2,0,0,54.0,1
47,23,5,2,0,0,98.9,1
47,24,0,0,0,0,103.5,0
47,25,7,1,1,0,67.3,1
47,26,4,1,0,0,46.3,1
47,27,8,2,1,0,110.3,0
47,28,6,1,0,2,40.1,0
47,29,1,1,0,0,35.3,0
47,30,2,0,0,0,51.5,0
47,31,2,0,0,0,48.0,0
47,32,2,2,0,0,73.7,0
47,33,7,1,0,0,83.3,1
47,34,0,0,0,0,16.8,0
47,35,3,0,0,0,84.1,0
47,36,5,1,1,0,97.6,0
47,37,5,2,0,3,57.4,0
47,38,5,1,0,1,38.6,1
47,39,8,2,0,0,143.8,0
47,40,6,2,0,0,112.3,1
47,41,5,1,0,0,54.1,0
47,42,1,0,0,0,8.0,0
47,43,5,2,0,0,95.7,0
47,44,6,0,0,0,73.7,0
47,45,5,2,0,0,65.4,0
47,46,3,1,0,0,66.5,0
47,47,7,1,0,0,135.0,0
47,48,5,1,0,0,42.4,1
47,49,3,0,0,0,70.8,0
47,50,7,2,0,0,145.1,1
47,51,0,0,0,0,13.5,0
47,52,1,0,0,0,53.1,0
47,53,5,1,0,0,39.1,0
47,54,2,1,1,0,29.6,1
47,55,8,2,0,2,75.2,1
47,56,7,2,0,0,53.5,1
47,57,6,2,0,0,82.5,0
47,58,5,2,0,0,38.2,1
47,59,1,1,0,0,83.4,0
47,60,1,0,0,1,55.5,0
48,1,5,2,0,0,78.3,1
48,2,2,0,1,0,53.0,0
48,3,2,1,0,0,50.1,0
48,4,1,2,0,2,41.9,1
48,5,0,0,0,1,27.0,1
48,6,1,0,0,0,58.0,0
48,7,1,0,0,0,132.6,0
48,8,1,0,0,0,173.9,0
48,9,2,1,0,0,50.0,1
48,10,3,0,0,3,56.2,0
48,11,0,0,0,0,64.7,0
48,12,8,1,1,0,96.1,1
48,13,5,2,1,0,79.0,1
48,14,6,1,1,0,47.2,1
48,15,8,1,1,0,84.6,1
48,16,3,2,0,0,23.8,1
48,17,4,0,0,0,33.2,0
48,18,7,2,0,1,67.3,1
48,19,3,0,0,0,48.2,0
48,20,2,1,0,0,23.2,0
48,21,6,1,1,3,111.6,0
48,22,8,2,0,0,64.6,1
48,23,1,1,0,0,87.3,1
48,24,6,1,0,2,85.4,1
48,25,3,2,0,0,43.0,0
48,26,2,1,0,0,27.5,1
48,27,5,1,1,0,106.5,1
48,28,8,2,0,0,85.5,1
48,29,6,2,0,0,124.6,1
48,30,1,0,0,0,45.0,0
48,31,6,1,1,0,57.8,0
48,32,0,0,0,0,39.7,0
48,33,6,1,0,0,69.5,1
48,34,8,1,0,0,90.4,1
48,35,8,2,0,0,106.1,1
48,36,2,1,0,0,30.4,1
48,37,3,0,0,0,44.2,0
48,38,3,2,0,0,18.7,1
48,39,2,1,0,0,39.9,0
48,40,8,0,0,0,82.8,0
48,41,2,0,0,0,56.2,0
48,42,7,2,0,0,47.3,1
48,43,5,0,0,0,60.1,0
48,44,4,1,1,0,77.3,1
48,45,6,1,1,0,55.7,0
48,46,5,2,0,0,74.2,0
48,47,1,0,0,0,64.3,0
48,48,8,2,0,0,75.1,1
48,49,2,0,0,0,100.4,1
48,50,7,2,0,0,85.7,1
48,51,2,0,0,0,54.5,0
48,52,1,0,0,3,194.4,1
48,53,0,0,0,3,27.2,1
48,54,5,0,1,0,102.6,0
48,55,5,2,0,0,79.8,1
48,56,4,0,1,0,49.9,1
48,57,8,2,0,0,63.2,1
48,58,3,0,0,0,74.1,0
48,59,7,2,0,3,185.5,1
48,60,8,1,0,0,45.8,1
49,1,1,1,0,0,21.4,0
49,2,7,2,0,0,39.9,1
49,3,7,2,0,0,54.5,1
49,4,0,0,0,0,100.6,0
49,5,8,1,0,0,51.0,1
49,6,6,2,0,3,48.5,1
49,7,2,1,0,0,24.3,1
49,8,7,2,0,0,85.9,0
49,9,5,1,0,0,170.7,0
49,10,5,1,0,0,119.4,0
49,11,6,2,0,0,73.6,0
49,12,3,1,0,0,53.6,0
49,13,8,2,1,0,56.1,1
49,14,5,2,0,0,34.1,0
49,15,4,1,0,0,93.8,0
49,16,8,1,0,1,110.9,1
49,17,8,2,0,0,96.1,1
49,18,2,1,0,0,122.8,0
49,19,6,2,1,0,53.1,1
49,20,8,2,0,0,70.8,0
49,21,2,0,0,0,23.6,0
49,22,2,0,0,0,26.3,0
49,23,3,0,0,0,56.1,0
49,24,2,1,0,0,50.0,1
49,25,2,0,0,0,92.2,0
49,26,7,2,0,0,159.4,1
49,27,3,0,0,0,55.6,0
49,28,8,1,0,2,50.5,1
49,29,0,0,0,0,18.8,0
49,30,6,0,0,0,59.0,0
49,31,4,1,1,0,53.2,0
49,32,3,0,0,0,71.7,0
49,33,1,0,0,0,12.3,0
49,34,2,0,0,0,12.9,1
49,35,8,2,1,0,67.9,1
49,36,5,0,0,2,33.5,1
49,37,0,0,0,0,41.4,0
49,38,8,0,0,0,75.4,1
49,39,0,0,0,0,22.1,0
49,40,4,0,0,0,62.0,1
49,41,3,0,0,0,32.4,1
49,42,1,0,0,0,37.4,0
49,43,5,1,0,0,56.9,1
49,44,5,0,0,0,70.7,0
49,45,3,1,1,0,61.7,0
49,46,5,1,0,0,55.8,1
49,47,3,1,0,0,37.6,0
49,48,4,1,0,0,51.5,0
49,49,4,1,0,0,93.2,1
49,50,2,2,0,0,89.2,1
49,51,3,0,0,0,45.2,0
49,52,5,0,0,0,48.0,0
49,53,1,0,0,0,59.1,0
49,54,3,1,1,0,60.1,1
49,55,4,1,0,0,82.3,0
49,56,3,1,0,2,60.2,1
49,57,5,2,0,0,58.6,1
49,58,0,1,0,0,41.1,0
49,59,4,0,0,0,75.9,0
49,60,2,0,0,0,36.8,0
50,1,5,1,0,0,63.7,0
50,2,6,0,0,0,83.1,0
50,3,4,1,0,3,118.6,0
50,4,4,0,0,0,61.1,0
50,5,2,0,0,5,30.9,1
50,6,8,2,0,0,46.9,1
50,7,8,1,0,0,107.6,0
50,8,4,2,0,3,63.9,1
50,9,8,1,0,0,86.2,1
50,10,5,1,1,0,101.7,1
50,11,6,1,0,1,66.4,1
50,12,0,0,0,0,58.0,1
50,13,5,0,0,0,90.6,0
50,14,3,1,0,0,31.6,0
50,15,1,1,0,2,12.7,0
50,16,3,1,0,2,49.6,1
50,17,3,1,0,2,102.0,0
50,18,5,1,0,0,52.8,0
50,19,8,2,0,0,71.2,1
50,20,7,2,1,0,60.5,1
50,21,4,2,0,0,76.9,1
50,22,6,1,0,1,36.8,0
50,23,4,2,0,0,93.3,1
50,24,5,1,0,0,96.5,1
50,25,8,2,1,0,186.3,1
50,26,6,1,0,0,48.9,0
50,27,3,1,0,3,75.7,1
50,28,5,0,0,0,123.2,0
50,29,2,0,1,0,31.7,1
50,30,5,1,0,0,59.3,0
50,31,8,2,0,3,60.3,1
50,32,3,0,0,0,59.0,0
50,33,2,1,0,0,52.9,0
50,34,4,0,1,0,64.3,1
50,35,3,0,0,0,186.3,0
50,36,1,0,0,0,27.1,0
50,37,3,2,0,0,40.7,1
50,38,5,2,0,3,33.0,1
50,39,1,0,0,1,34.7,0
50,40,8,2,1,0,80.5,1
50,41,8,2,0,0,57.5,1
50,42,7,1,0,3,41.3,0
50,43,6,2,0,0,71.4,1
50,44,8,1,1,0,60.6,0
50,45,3,0,0,2,26.1,0
50,46,2,0,0,3,106.2,1
50,47,5,1,0,0,63.2,0
50,48,4,2,0,0,111.2,1
50,49,7,0,0,0,47.6,0
50,50,8,2,0,0,98.0,1
50,51,8,2,0,0,88.3,1
50,52,6,0,0,0,191.0,1
50,53,3,0,0,2,41.5,0
50,54,7,2,0,0,99.7,0
50,55,1,0,0,0,60.3,0
50,56,3,1,0,0,20.9,0
50,57,2,1,0,0,14.9,1
50,58,1,0,0,0,77.9,0
50,59,1,0,0,0,59.9,1
50,60,1,0,0,0,29.9,0
51,1,4,0,0,0,65.5,0
51,2,7,2,0,0,123.2,1
51,3,2,0,0,0,25.2,0
51,4,7,2,0,0,74.0,1
51,5,6,1,0,0,57.7,1
51,6,1,0,0,0,34.9,0
51,7,0,0,0,0,11.8,1
51,8,4,2,0,0,70.9,1
51,9,0,1,0,0,18.7,0
51,10,0,0,0,0,21.6,0
51,11,3,1,0,0,38.6,0
51,12,5,0,1,0,60.5,0
51,13,8,2,0,0,179.4,1
51,14,4,2,0,0,27.3,0
51,15,5,1,1,0,106.5,0
51,16,7,1,0,0,57.9,1
51,17,2,0,0,0,110.4,0
51,18,5,1,0,0,50.4,0
51,19,1,1,0,0,92.5,0
51,20,5,0,0,3,53.6,1
51,21,0,0,0,0,31.5,0
51,22,2,0,1,0,63.8,0
51,23,5,0,0,0,37.1,0
51,24,6,1,0,2,103.2,0
51,25,3,2,0,1,24.5,0
51,26,5,1,0,0,92.2,1
51,27,6,0,0,3,35.4,0
51,28,7,2,0,0,79.9,1
51,29,4,1,1,0,76.0,1
51,30,6,2,1,0,47.3,1
51,31,8,1,1,0,65.4,1
51,32,1,0,0,0,81.3,0
51,33,3,1,0,0,26.4,0
51,34,7,1,0,0,75.0,0
51,35,0,0,0,0,92.1,0
51,36,5,2,0,3,192.1,1
51,37,6,0,0,0,91.3,0
51,38,1,1,0,2,38.2,1
51,39,8,2,0,0,80.0,1
51,40,0,0,0,0,91.7,0
51,41,6,2,0,0,51.3,1
51,42,6,1,0,0,62.3,0
51,43,8,2,0,0,100.8,1
51,44,4,0,0,3,44.0,0
51,45,2,0,0,0,55.8,0
51,46,8,2,0,0,169.4,1
51,47,4,1,0,0,49.2,0
51,48,8,2,1,0,73.8,1
51,49,5,1,0,1,68.6,0
51,50,0,0,0,0,76.5,0
51,51,7,1,0,0,67.6,1
51,52,8,2,1,0,63.5,1
51,53,0,0,0,0,85.9,0
51,54,6,2,0,0,37.0,1
51,55,2,0,0,0,114.6,0
51,56,7,2,0,0,75.7,0
51,57,1,0,0,0,88.9,0
51,58,8,2,0,0,52.3,1
51,59,3,0,0,0,53.1,0
51,60,2,1,0,0,32.3,0
52,1,8,2,0,3,136.2,1
52,2,5,2,0,1,71.8,1
52,3,0,0,0,2,9.0,0
52,4,7,2,1,0,65.2,1
52,5,6,1,0,0,90.3,0
52,6,8,2,0,2,71.4,1
52,7,1,0,0,0,26.0,0
52,8,8,2,0,2,111.0,1
52,9,2,0,0,0,47.5,0
52,10,1,0,0,0,60.1,0
52,11,4,2,1,0,103.8,1
52,12,1,0,0,2,20.9,0
52,13,7,2,1,0,78.1,1
52,14,6,2,0,2,137.8,1
52,15,2,0,0,0,97.8,0
52,16,1,1,0,0,59.5,0
52,17,7,1,1,0,66.8,1
52,18,2,0,1,0,51.0,0
52,19,6,1,0,1,82.8,1
52,20,4,0,0,0,45.1,0
52,21,4,1,0,0,30.9,1
52,22,0,0,0,2,47.9,1
52,23,7,2,0,0,129.6,1
52,24,6,1,0,0,47.7,1
52,25,1,1,0,0,24.3,1
52,26,5,0,1,0,54.7,0
52,27,7,2,1,0,128.5,1
52,28,1,0,1,0,18.8,0
52,29,2,1,0,0,80.1,0
52,30,8,1,0,0,99.1,0
52,31,6,1,1,0,38.6,0
52,32,3,1,0,0,222.1,0
52,33,6,0,0,3,42.9,0
52,34,8,2,1,0,144.3,1
52,35,0,0,0,0,32.0,0
52,36,7,2,0,0,97.3,1
52,37,3,1,0,0,73.1,1
52,38,2,1,0,0,38.3,1
52,39,1,0,0,0,127.8,0
52,40,4,2,0,0,55.7,1
52,41,5,1,1,0,155.7,1
52,42,1,0,0,0,72.8,0
52,43,4,1,0,0,63.8,0
52,44,1,0,0,2,33.7,0
52,45,2,0,0,0,92.0,0
52,46,5,2,0,3,64.4,1
52,47,5,1,0,0,71.9,1
52,48,1,0,0,1,18.9,0
52,49,1,0,0,2,57.9,0
52,50,8,2,0,0,66.3,1
52,51,1,0,0,3,73.7,1
52,52,8,2,1,3,100.8,1
52,53,4,0,1,6,37.7,0
52,54,6,1,0,0,56.1,1
52,55,5,1,0,1,65.8,1
52,56,4,1,0,3,89.3,1
52,57,8,1,0,0,69.0,0
52,58,1,0,0,0,37.8,1
52,59,3,0,0,0,66.0,0
52,60,1,1,0,0,41.8,0
53,1,0,0,0,0,17.0,1
53,2,4,0,1,0,84.3,0
53,3,7,1,0,0,60.5,0
53,4,3,0,0,0,20.9,0
53,5,6,1,0,2,55.8,1
53,6,4,1,1,0,58.7,0
53,7,6,1,0,0,65.5,1
53,8,0,0,0,0,32.6,0
53,9,4,0,0,2,44.6,0
53,10,1,0,0,0,32.4,0
53,11,0,0,0,0,12.5,0
53,12,5,2,1,0,47.3,0
53,13,2,1,0,0,15.1,0
53,14,5,1,1,0,32.6,0
53,15,4,2,0,0,70.4,0
53,16,7,1,0,0,37.4,0
53,17,2,0,0,0,51.2,0
53,18,7,2,0,0,152.9,1
53,19,7,2,0,0,98.5,1
53,20,8,1,0,0,84.0,0
53,21,5,2,0,0,88.5,1
53,22,7,2,0,0,77.0,1
53,23,2,0,0,0,98.0,1
53,24,1,1,0,0,19.3,0
53,25,6,1,0,0,92.8,0
53,26,3,1,0,1,17.0,1
53,27,3,0,0,0,83.7,0
53,28,6,2,0,0,76.5,1
53,29,7,1,0,0,66.4,0
53,30,7,0,0,0,37.8,0
53,31,6,0,0,0,90.7,0
53,32,0,0,0,0,22.0,0
53,33,7,1,0,0,77.1,0
53,34,2,0,0,0,41.2,0
53,35,1,0,0,0,81.4,1
53,36,1,0,0,0,21.3,0
53,37,1,0,0,5,22.7,1
53,38,5,1,0,0,103.8,1
53,39,5,1,0,3,45.1,1
53,40,4,2,0,1,27.9,1
53,41,8,2,0,0,82.9,1
53,42,3,0,0,2,47.2,1
53,43,4,1,0,0,97.4,0
53,44,8,2,1,0,98.6,1
53,45,3,1,0,0,54.5,1
53,46,1,0,0,0,12.8,0
53,47,3,0,0,0,72.6,0
53,48,4,2,0,0,36.4,1
53,49,4,2,1,0,87.0,0
53,50,1,1,0,1,57.7,1
53,51,3,1,0,3,50.4,0
53,52,6,0,1,1,104.5,1
53,53,4,1,0,2,35.1,0
53,54,0,0,0,1,26.8,0
53,55,8,1,0,2,69.4,1
53,56,6,0,0,0,54.8,0
53,57,1,0,0,0,81.4,0
53,58,1,2,0,0,16.5,1
53,59,8,2,1,3,70.7,1
53,60,3,1,1,0,79.4,1
54,1,8,2,1,0,75.9,1
54,2,0,0,0,0,124.9,0
54,3,3,1,0,3,106.2,0
54,4,7,1,0,0,109.2,0
54,5,1,0,0,0,99.4,0
54,6,2,0,0,1,98.1,0
54,7,2,1,0,0,36.9,0
54,8,1,1,0,3,26.1,1
54,9,2,2,0,0,27.5,0
54,10,0,0,0,0,7.4,0
54,11,4,0,0,2,48.2,1
54,12,4,2,0,0,150.0,0
54,13,7,2,0,0,71.2,1
54,14,7,1,0,1,68.2,0
54,15,5,2,0,0,130.9,0
54,16,0,0,1,3,52.8,1
54,17,2,0,0,0,97.6,0
54,18,4,0,0,0,64.9,0
54,19,0,0,0,0,145.6,0
54,20,8,2,0,0,57.1,0
54,21,4,1,1,0,92.7,1
54,22,1,0,0,0,112.7,0
54,23,4,1,1,0,55.0,0
54,24,8,1,1,0,81.8,1
54,25,5,0,1,0,73.2,0
54,26,8,2,0,0,66.7,1
54,27,0,0,1,0,10.6,0
54,28,4,1,0,0,58.5,0
54,29,1,1,0,0,68.2,0
54,30,1,0,0,0,38.5,0
54,31,1,0,0,1,31.3,0
54,32,5,1,0,0,27.7,0
54,33,1,0,0,0,63.2,1
54,34,4,1,0,0,87.5,0
54,35,8,1,0,0,75.4,0
54,36,5,2,0,3,51.8,1
54,37,4,0,0,0,85.8,0
54,38,6,0,0,0,60.2,1
54,39,8,1,1,0,118.8,1
54,40,3,1,0,0,39.4,0
54,41,8,1,0,0,80.7,0
54,42,8,2,0,0,101.4,1
54,43,7,1,0,0,109.3,1
54,44,7,0,0,0,64.4,1
54,45,6,2,0,0,107.2,1
54,46,2,0,0,0,46.6,1
54,47,2,1,0,3,42.6,1
54,48,4,1,0,0,26.7,0
54,49,4,0,0,0,123.3,0
54,50,2,1,0,0,159.5,0
54,51,8,2,1,0,81.9,1
54,52,1,0,0,0,20.9,1
54,53,2,2,0,0,51.3,0
54,54,1,0,0,0,70.6,0
54,55,2,0,0,0,51.3,0
54,56,4,1,0,1,39.4,0
54,57,1,0,0,0,17.9,0
54,58,3,1,1,0,52.4,0
54,59,1,0,0,0,39.5,0
54,60,2,0,0,0,68.7,0
55,1,2,0,0,0,35.2,0
55,2,3,2,0,0,64.1,1
55,3,0,0,0,0,3.5,0
55,4,4,0,1,0,88.3,0
55,5,4,0,0,0,64.3,1
55,6,0,0,0,0,123.2,0
55,7,6,1,0,0,79.1,0
55,8,2,1,0,0,56.9,1
55,9,3,0,0,0,85.3,0
55,10,6,2,0,0,83.0,1
55,11,5,1,0,0,64.4,0
55,12,3,1,1,0,30.9,1
55,13,3,0,0,1,36.9,0
55,14,8,0,0,0,74.6,0
55,15,7,1,0,2,52.7,0
55,16,3,2,0,1,21.4,1
55,17,4,1,0,0,52.2,1
55,18,4,1,0,0,62.0,0
55,19,7,0,0,2,49.0,0
55,20,3,0,0,0,41.8,0
55,21,6,2,0,3,47.1,1
55,22,2,0,0,0,144.4,0
55,23,4,1,0,0,131.9,0
55,24,2,0,0,3,65.0,0
55,25,5,1,0,0,63.6,1
55,26,4,1,1,3,51.6,1
55,27,8,1,0,0,154.3,0
55,28,4,0,0,0,109.4,0
55,29,1,0,0,0,59.9,0
55,30,1,0,0,0,59.0,0
55,31,1,0,0,0,54.5,0
55,32,7,2,0,0,39.4,1
55,33,6,2,0,0,105.8,0
55,34,6,0,0,0,65.2,0
55,35,4,0,0,0,71.0,0
55,36,8,2,1,0,123.5,0
55,37,1,0,1,0,60.0,0
55,38,7,2,1,3,40.7,1
55,39,4,1,0,0,52.0,1
55,40,4,1,0,0,82.1,0
55,41,7,1,0,0,98.8,0
55,42,5,0,0,0,116.4,0
55,43,4,1,0,0,77.2,0
55,44,2,0,0,3,56.8,0
55,45,8,2,0,0,96.7,1
55,46,6,1,0,0,90.2,0
55,47,5,2,0,0,75.1,0
55,48,8,2,0,0,96.5,1
55,49,6,2,1,0,217.4,1
55,50,5,1,0,0,60.4,0
55,51,0,0,0,2,61.1,0
55,52,3,1,0,0,95.5,0
55,53,3,2,0,3,64.9,1
55,54,6,0,0,0,78.4,1
55,55,7,2,0,0,76.5,1
55,56,7,1,1,0,131.9,0
55,57,7,2,0,2,65.1,1
55,58,6,0,0,0,53.4,1
55,59,6,2,0,3,67.4,1
55,60,5,1,0,0,81.8,1
56,1,3,0,0,0,112.3,0
56,2,0,0,0,0,5.0,0
56,3,3,2,0,0,56.1,1
56,4,0,0,0,3,29.0,0
56,5,1,1,0,0,10.7,0
56,6,6,1,1,1,63.7,1
56,7,2,0,0,0,60.8,0
56,8,0,0,0,3,25.3,0
56,9,2,1,0,0,27.5,0
56,10,4,2,0,0,22.1,0
56,11,7,1,1,0,107.7,1
56,12,8,2,0,0,76.9,1
56,13,5,1,0,0,42.5,1
56,14,2,1,0,0,21.5,0
56,15,6,2,0,0,59.2,1
56,16,8,1,0,0,139.1,1
56,17,4,1,0,0,37.5,0
56,18,5,2,0,0,69.5,0
56,19,5,1,0,0,52.6,0
56,20,6,1,0,0,51.1,0
56,21,6,0,0,0,128.0,0
56,22,1,1,0,0,36.7,1
56,23,5,0,1,0,44.6,0
56,24,7,1,0,0,45.0,0
56,25,3,0,0,0,34.4,0
56,26,4,1,0,1,27.7,1
56,27,8,2,0,0,114.7,0
56,28,1,0,0,0,48.2,0
56,29,0,0,0,0,110.5,1
56,30,1,0,0,1,105.0,1
56,31,2,1,0,0,70.0,0
56,32,0,0,0,0,10.8,0
56,33,7,2,0,0,96.3,1
56,34,6,1,0,0,60.2,0
56,35,3,0,0,3,72.1,0
56,36,1,0,0,0,82.6,0
56,37,7,2,0,0,64.3,1
56,38,7,2,1,0,151.7,1
56,39,2,0,0,0,20.1,0
56,40,2,1,0,3,27.0,1
56,41,4,0,0,0,51.6,0
56,42,7,2,0,0,103.2,1
56,43,5,2,0,0,141.9,0
56,44,7,1,1,0,47.9,0
56,45,0,0,0,0,63.3,0
56,46,3,1,0,1,89.3,1
56,47,3,1,0,0,123.9,1
56,48,2,2,0,0,62.9,0
56,49,8,1,0,0,48.4,1
56,50,2,1,0,0,147.5,1
56,51,7,2,1,0,51.6,0
56,52,3,1,0,0,39.6,0
56,53,2,0,0,3,41.0,1
56,54,3,1,0,0,43.7,0
56,55,0,0,0,0,32.6,0
56,56,4,1,0,2,34.5,1
56,57,1,1,0,0,114.2,1
56,58,1,0,0,0,15.7,0
56,59,3,1,0,1,27.4,1
56,60,1,0,0,0,32.1,0
57,1,7,2,0,2,72.8,1
57,2,7,1,0,0,56.8,0
57,3,1,0,0,0,38.9,0
57,4,3,1,0,0,31.5,0
57,5,0,0,0,3,46.6,0
57,6,0,0,1,0,23.3,0
57,7,1,0,0,0,152.2,0
57,8,0,0,0,0,55.3,0
57,9,7,2,0,0,54.2,0
57,10,8,1,0,2,64.6,1
57,11,2,1,1,3,28.4,1
57,12,3,0,0,0,63.2,0
57,13,5,1,0,0,47.3,1
57,14,1,0,0,2,37.2,0
57,15,7,2,1,0,41.6,1
57,16,6,1,0,0,33.6,1
57,17,0,0,0,0,15.8,0
57,18,8,1,0,0,71.4,0
57,19,0,0,0,0,19.8,0
57,20,3,1,0,0,38.4,1
57,21,3,1,0,1,40.8,1
57,22,0,0,0,0,26.2,1
57,23,7,2,0,2,42.2,1
57,24,8,1,0,0,90.5,0
57,25,7,1,0,0,82.6,0
57,26,1,0,0,0,29.5,0
57,27,5,1,0,0,50.1,0
57,28,3,1,0,0,38.3,0
57,29,2,0,0,0,53.8,0
57,30,5,1,1,0,83.8,1
57,31,1,0,0,0,24.8,0
57,32,7,2,0,2,79.8,1
57,33,6,1,0,0,39.6,1
57,34,0,0,0,0,25.6,0
57,35,7,1,0,0,125.7,0
57,36,7,1,0,5,43.6,1
57,37,0,0,0,2,47.0,0
57,38,1,0,0,0,17.4,0
57,39,7,1,0,0,126.7,1
57,40,6,0,0,0,65.2,0
57,41,3,1,0,0,42.9,1
57,42,7,2,1,0,47.7,1
57,43,4,2,0,3,113.7,1
57,44,4,0,0,0,93.0,0
57,45,7,1,0,0,54.7,1
57,46,2,0,0,0,75.7,0
57,47,7,2,1,0,44.5,1
57,48,7,1,0,0,54.9,0
57,49,3,1,0,0,56.0,1
57,50,1,0,0,1,41.1,1
57,51,5,1,0,0,45.2,1
57,52,7,2,0,0,39.6,1
57,53,3,1,0,0,116.7,0
57,54,5,1,0,0,43.0,0
57,55,2,1,0,0,31.8,1
57,56,7,1,0,0,79.0,1
57,57,7,2,1,3,67.1,0
57,58,0,0,0,1,79.8,1
57,59,1,0,0,0,41.9,0
57,60,2,1,0,0,57.8,1
58,1,2,0,0,0,20.5,1
58,2,4,1,0,1,34.6,0
58,3,2,1,0,0,82.0,0
58,4,8,2,1,0,74.4,1
58,5,3,1,0,0,58.5,1
58,6,5,1,0,0,51.7,0
58,7,6,2,0,0,63.7,1
58,8,7,1,0,0,117.3,1
58,9,6,0,0,0,37.6,1
58,10,4,1,0,0,39.0,0
58,11,5,1,0,0,43.7,0
58,12,7,1,0,0,84.4,1
58,13,7,2,1,0,82.2,1
58,14,7,1,0,0,91.3,0
58,15,0,0,0,0,50.5,0
58,16,6,1,0,1,79.7,1
58,17,3,1,0,0,56.7,1
58,18,2,0,0,0,38.5,0
58,19,5,2,0,0,51.9,1
58,20,1,0,0,0,39.4,0
58,21,0,0,0,0,123.4,0
58,22,7,2,1,0,66.1,1
58,23,5,1,0,0,71.0,0
58,24,6,1,1,0,38.8,1
58,25,5,1,0,0,43.5,0
58,26,0,0,0,0,16.9,0
58,27,7,2,0,1,117.8,1
58,28,2,0,0,0,48.5,0
58,29,8,2,1,0,72.0,1
58,30,3,0,0,0,103.8,1
58,31,8,2,0,0,104.7,0
58,32,0,0,0,0,17.4,0
58,33,0,0,0,1,48.6,0
58,34,4,0,0,0,57.3,0
58,35,1,0,0,0,92.1,0
58,36,1,1,0,0,69.2,0
58,37,2,0,0,0,73.6,0
58,38,6,2,0,2,73.9,1
58,39,0,0,0,0,16.0,0
58,40,2,0,0,0,100.8,1
58,41,6,2,0,0,101.2,1
58,42,0,0,1,1,57.2,1
58,43,0,0,0,0,22.6,0
58,44,8,1,0,0,60.9,0
58,45,3,2,1,0,50.1,1
58,46,0,0,0,0,40.2,0
58,47,3,0,0,0,53.4,0
58,48,1,0,0,0,58.0,0
58,49,3,0,0,0,68.0,0
58,50,6,1,0,0,99.8,1
58,51,0,0,0,2,33.5,1
58,52,5,1,0,0,56.8,1
58,53,4,1,0,0,40.3,1
58,54,3,0,0,3,40.7,1
58,55,3,0,0,0,42.3,1
58,56,2,1,0,0,110.7,0
58,57,1,0,0,0,20.3,0
58,58,6,2,1,0,58.1,1
58,59,4,1,0,0,45.9,0
58,60,3,1,0,0,44.1,0
59,1,8,2,1,1,71.4,1
59,2,6,1,0,0,105.3,1
59,3,8,2,1,0,89.1,0
59,4,8,1,1,0,114.5,1
59,5,8,2,0,0,55.5,1
59,6,3,1,0,0,66.9,0
59,7,0,0,0,3,33.7,0
59,8,7,2,0,0,67.0,1
59,9,8,2,0,0,126.5,1
59,10,2,0,0,0,72.1,0
59,11,2,0,0,0,50.5,0
59,12,3,1,0,0,67.1,0
59,13,8,2,0,0,69.3,1
59,14,7,2,0,0,45.7,1
59,15,4,0,1,2,56.3,1
59,16,0,0,0,0,9.8,0
59,17,8,1,0,1,101.9,1
59,18,2,0,1,1,43.8,0
59,19,2,0,1,1,58.8,0
59,20,5,1,0,0,47.0,1
59,21,6,2,0,1,90.1,1
59,22,6,1,1,1,67.1,1
59,23,7,2,0,0,50.5,1
59,24,3,0,0,0,41.2,0
59,25,2,1,0,0,127.6,0
59,26,1,0,0,0,27.4,0
59,27,8,2,1,0,87.6,1
59,28,6,1,1,0,92.8,1
59,29,1,0,0,0,13.3,0
59,30,3,1,0,0,66.5,0
59,31,1,0,0,2,32.6,0
59,32,4,1,0,0,26.8,0
59,33,3,0,0,0,34.3,0
59,34,0,0,0,0,66.6,0
59,35,1,0,0,0,39.2,0
59,36,6,2,0,0,99.9,0
59,37,4,1,0,0,71.0,1
59,38,0,0,0,0,66.3,0
59,39,7,1,1,0,78.5,1
59,40,5,0,0,0,76.2,0
59,41,5,2,1,0,53.5,1
59,42,4,0,0,0,63.6,0
59,43,3,2,0,0,38.8,1
59,44,8,2,0,0,85.5,1
59,45,7,2,0,0,52.5,0
59,46,4,1,0,1,43.2,0
59,47,6,2,0,0,65.4,1
59,48,3,0,0,0,26.1,0
59,49,2,0,0,0,42.1,0
59,50,2,0,0,1,64.2,0
59,51,3,0,0,0,175.3,1
59,52,3,0,0,0,34.0,0
59,53,6,2,1,0,65.6,0
59,54,4,1,0,0,54.1,1
59,55,1,0,0,0,25.5,0
59,56,6,1,1,0,37.0,1
59,57,6,2,0,0,53.7,0
59,58,2,1,0,0,23.5,1
59,59,6,1,0,0,38.1,1
59,60,5,1,1,1,101.4,0
60,1,3,0,0,0,86.1,0
60,2,0,0,0,0,51.4,1
60,3,6,1,0,0,138.0,0
60,4,6,1,1,0,78.5,1
60,5,1,2,0,0,21.2,1
60,6,1,1,0,0,47.0,0
60,7,6,1,0,3,118.5,1
60,8,7,2,0,0,120.9,1
60,9,0,0,0,0,31.2,0
60,10,3,0,0,0,77.4,0
60,11,3,1,0,0,87.3,0
60,12,5,2,0,0,88.6,0
60,13,2,0,0,0,48.3,0
60,14,5,1,0,1,121.6,1
60,15,3,0,0,0,90.2,0
60,16,7,1,0,0,98.6,1
60,17,1,1,1,0,26.9,1
60,18,6,2,0,1,65.4,0
60,19,4,0,0,0,45.0,0
60,20,2,0,0,0,28.8,0
60,21,0,0,0,0,36.0,0
60,22,6,1,0,0,42.5,1
60,23,3,0,0,0,63.8,0
60,24,6,2,0,0,94.7,0
60,25,8,1,0,0,68.7,0
60,26,2,0,0,2,42.3,0
60,27,5,1,0,0,37.1,0
60,28,3,2,1,0,54.3,0
60,29,1,0,0,0,26.8,0
60,30,0,0,0,0,32.2,0
60,31,5,2,0,0,93.5,1
60,32,3,2,0,0,34.7,1
60,33,7,1,1,3,52.8,1
60,34,0,0,0,0,37.9,1
60,35,1,1,0,0,33.6,0
60,36,8,2,0,3,106.1,1
60,37,0,0,0,0,65.1,0
60,38,0,0,0,1,94.2,1
60,39,2,0,0,0,56.9,0
60,40,2,1,0,0,36.6,0
60,41,8,2,0,0,56.2,1
60,42,3,1,0,0,74.8,0
60,43,1,1,0,0,11.9,0
60,44,6,2,0,3,86.5,1
60,45,0,0,0,0,32.1,0
60,46,6,1,0,2,59.6,1
60,47,2,0,0,0,19.1,0
60,48,0,0,0,2,88.8,0
60,49,4,0,1,0,87.1,0
60,50,5,2,0,0,113.0,0
60,51,8,2,0,0,56.9,1
60,52,6,1,1,0,51.5,1
60,53,8,0,0,0,76.2,0
60,54,2,1,0,0,25.1,0
60,55,3,1,1,0,40.2,0
60,56,2,1,0,0,35.5,0
60,57,2,0,0,2,104.5,0
60,58,6,1,0,0,60.7,0
60,59,4,1,0,5,36.5,1
60,60,4,1,0,1,70.4,0
61,1,4,0,0,3,45.0,0
61,2,3,0,0,3,26.3,1
61,3,3,0,0,3,31.9,0
61,4,3,1,0,0,44.2,0
61,5,2,0,0,2,28.2,0
61,6,8,2,0,0,91.2,1
61,7,1,0,0,0,31.1,0
61,8,1,0,0,0,67.6,0
61,9,1,0,0,0,25.9,0
61,10,7,1,0,0,55.6,0
61,11,3,0,0,0,57.3,0
61,12,8,2,0,0,82.7,1
61,13,5,0,0,0,100.7,0
61,14,1,1,0,0,106.6,0
61,15,5,1,0,0,50.7,1
61,16,2,1,0,0,79.0,1
61,17,5,1,0,0,69.0,0
61,18,8,2,0,0,60.0,1
61,19,5,1,0,0,70.6,1
61,20,7,1,0,0,46.0,1
61,21,6,2,0,0,65.7,1
61,22,7,1,1,0,198.8,1
61,23,7,2,1,0,62.6,1
61,24,3,1,0,0,26.4,1
61,25,2,0,0,0,30.4,0
61,26,3,1,0,0,30.0,0
61,27,1,1,0,1,21.4,0
61,28,7,2,0,0,45.2,1
61,29,6,1,1,3,57.5,1
61,30,6,1,0,0,58.2,0
61,31,1,1,0,0,32.8,0
61,32,7,2,0,0,85.5,1
61,33,6,1,0,0,76.0,0
61,34,4,0,0,0,38.4,0
61,35,5,1,0,0,48.4,0
61,36,6,1,0,0,80.4,0
61,37,5,1,0,0,93.0,1
61,38,2,1,0,0,64.8,0
61,39,3,0,0,3,37.7,0
61,40,3,0,0,3,49.2,1
61,41,1,1,0,2,75.8,0
61,42,3,1,0,0,74.4,1
61,43,6,0,1,0,33.9,0
61,44,2,0,1,0,111.0,0
61,45,7,2,1,0,70.8,1
61,46,5,0,1,0,61.2,0
61,47,2,1,0,3,60.4,1
61,48,1,0,0,0,45.6,0
61,49,5,1,0,0,57.7,1
61,50,1,0,0,0,62.2,0
61,51,6,2,0,0,46.9,1
61,52,4,0,0,0,50.2,0
61,53,6,2,0,0,76.3,0
61,54,4,1,0,0,58.5,0
61,55,2,0,0,0,38.2,0
61,56,5,1,1,0,69.1,0
61,57,7,2,0,2,51.0,1
61,58,7,2,0,0,116.5,0
61,59,4,2,0,0,84.0,0
61,60,3,0,0,0,44.8,0
62,1,3,1,0,0,57.4,0
62,2,5,1,0,1,99.5,1
62,3,6,1,0,0,41.0,0
62,4,0,0,0,0,22.4,0
62,5,6,1,0,0,109.6,1
62,6,8,2,0,3,69.7,1
62,7,3,0,1,0,39.4,0
62,8,0,0,0,0,53.5,0
62,9,3,1,0,0,125.3,0
62,10,1,0,0,0,50.9,0
62,11,2,1,0,0,76.7,0
62,12,2,1,0,1,36.9,0
62,13,1,0,0,2,76.7,0
62,14,2,1,0,0,37.0,0
62,15,1,0,1,0,35.7,1
62,16,3,2,0,0,73.5,1
62,17,5,1,0,0,44.0,1
62,18,1,0,0,0,31.9,0
62,19,7,2,1,0,40.8,1
62,20,8,2,0,0,82.3,1
62,21,6,0,0,0,104.4,1
62,22,2,1,0,0,40.8,0
62,23,3,0,0,0,63.6,0
62,24,7,2,0,0,100.7,1
62,25,1,0,1,0,21.2,0
62,26,7,2,0,0,41.8,1
62,27,2,1,0,0,67.6,0
62,28,7,1,0,2,76.1,0
62,29,8,1,1,0,40.7,0
62,30,6,1,0,0,43.8,1
62,31,3,0,0,0,32.0,0
62,32,3,0,0,0,72.7,0
62,33,1,0,0,0,16.5,0
62,34,0,0,0,0,99.4,0
62,35,5,0,0,0,64.7,0
62,36,4,2,0,0,29.6,1
62,37,7,2,0,0,169.2,0
62,38,1,0,0,0,40.7,0
62,39,0,0,0,2,66.4,0
62,40,2,1,0,0,43.3,0
62,41,1,0,0,0,120.7,1
62,42,6,1,0,0,72.3,1
62,43,2,0,0,0,32.5,0
62,44,4,1,0,0,115.9,1
62,45,5,0,0,0,127.4,1
62,46,5,0,0,3,85.6,1
62,47,7,2,1,2,55.3,1
62,48,7,2,0,0,139.1,1
62,49,5,1,0,0,48.7,0
62,50,6,1,0,2,120.7,1
62,51,8,2,0,2,79.2,1
62,52,0,0,0,0,17.5,0
62,53,8,1,0,0,81.3,1
62,54,2,0,0,0,39.5,0
62,55,0,0,0,0,23.1,0
62,56,6,1,0,0,87.8,1
62,57,6,0,0,0,122.0,0
62,58,8,2,0,3,74.0,1
62,59,8,2,0,0,84.7,1
62,60,8,2,1,0,288.3,1
63,1,6,2,0,0,39.5,0
63,2,5,1,0,0,51.0,1
63,3,2,0,0,2,26.7,0
63,4,2,1,0,0,68.9,0
63,5,4,1,0,0,50.9,1
63,6,2,0,0,0,26.5,0
63,7,6,2,0,0,39.5,1
63,8,4,0,0,0,44.4,0
63,9,4,2,0,3,43.4,0
63,10,1,0,0,2,24.2,0
63,11,0,1,0,0,24.9,0
63,12,8,2,0,0,48.6,1
63,13,0,0,0,0,43.2,0
63,14,6,1,0,0,112.0,1
63,15,3,0,0,0,41.1,0
63,16,1,0,0,0,56.4,1
63,17,7,2,0,0,37.6,0
63,18,0,0,0,1,17.7,0
63,19,4,0,0,0,82.1,1
63,20,5,1,0,0,95.0,0
63,21,3,1,0,0,52.0,1
63,22,7,2,0,0,41.7,1
63,23,7,2,0,0,68.3,0
63,24,3,0,0,3,137.5,0
63,25,6,1,0,0,67.5,1
63,26,4,0,0,0,31.7,0
63,27,5,2,1,0,57.1,1
63,28,6,2,0,0,40.4,1
63,29,4,0,0,0,95.3,0
63,30,8,1,0,0,70.0,0
63,31,1,0,0,0,41.2,0
63,32,2,0,0,0,15.9,0
63,33,5,1,1,0,59.5,0
63,34,2,1,0,0,29.1,0
63,35,3,1,0,3,39.8,1
63,36,5,1,0,0,197.3,0
63,37,3,2,0,0,29.6,1
63,38,1,0,0,0,56.0,1
63,39,2,1,0,0,31.7,1
63,40,4,2,1,0,114.2,1
63,41,3,1,0,3,52.0,1
63,42,2,0,0,3,102.5,0
63,43,7,2,0,0,77.3,1
63,44,6,1,0,0,117.1,1
63,45,3,1,0,0,45.1,0
63,46,8,2,0,0,60.5,0
63,47,8,1,1,0,148.1,1
63,48,0,0,0,0,38.8,0
63,49,7,1,1,0,204.3,1
63,50,5,0,0,0,43.6,0
63,51,8,1,0,0,149.9,0
63,52,8,2,1,2,147.6,1
63,53,6,2,0,0,92.2,0
63,54,8,1,0,0,50.8,1
63,55,7,1,1,0,96.1,0
63,56,3,2,0,0,61.0,0
63,57,6,1,0,0,70.8,1
63,58,6,1,0,0,58.7,0
63,59,7,2,0,0,61.5,1
63,60,0,0,0,0,85.7,0
64,1,1,0,0,2,46.4,0
64,2,7,2,1,0,91.0,1
64,3,1,0,0,0,65.5,0
64,4,3,0,0,2,102.4,0
64,5,2,0,0,0,173.3,1
64,6,1,1,0,0,45.7,0
64,7,4,1,0,0,52.7,0
64,8,1,0,0,0,42.0,0
64,9,3,2,0,0,73.6,0
64,10,0,0,0,0,16.4,0
64,11,6,2,0,2,36.9,1
64,12,2,1,0,0,30.7,0
64,13,6,1,0,1,38.6,1
64,14,8,1,0,0,53.6,0
64,15,8,1,0,0,137.5,1
64,16,4,2,0,0,64.3,0
64,17,1,0,0,0,22.3,0
64,18,3,0,0,0,49.2,1
64,19,8,1,0,2,62.0,1
64,20,5,0,0,0,120.7,0
64,21,5,2,0,0,32.2,1
64,22,3,2,0,0,42.1,1
64,23,3,1,0,0,108.3,0
64,24,0,0,0,2,10.9,0
64,25,1,1,0,3,55.2,1
64,26,2,0,0,3,88.1,0
64,27,6,1,0,0,109.6,0
64,28,0,0,0,0,8.8,0
64,29,4,0,0,0,39.1,1
64,30,6,1,0,0,93.4,1
64,31,7,2,0,1,47.9,1
64,32,8,1,0,1,130.0,0
64,33,1,0,0,0,59.7,1
64,34,8,1,0,0,67.2,1
64,35,3,1,0,0,126.8,1
64,36,3,1,0,1,45.6,0
64,37,8,2,0,0,113.7,0
64,38,6,1,0,0,45.0,0
64,39,3,0,0,0,214.1,0
64,40,1,0,0,0,72.1,0
64,41,4,2,0,3,39.8,0
64,42,4,1,0,0,31.1,0
64,43,4,1,1,0,29.6,1
64,44,1,0,0,0,48.3,0
64,45,8,1,0,0,99.8,0
64,46,7,2,0,0,91.8,1
64,47,8,2,0,2,51.0,1
64,48,6,2,0,3,121.0,1
64,49,1,0,0,0,78.3,0
64,50,8,2,1,0,46.0,0
64,51,6,2,1,0,88.2,1
64,52,1,1,0,1,50.1,1
64,53,1,0,0,0,18.0,0
64,54,1,0,0,0,54.8,0
64,55,3,0,1,0,33.8,0
64,56,0,0,1,0,22.6,0
64,57,5,0,0,0,133.9,0
64,58,8,1,1,0,72.0,0
64,59,4,0,0,2,31.1,0
64,60,8,2,1,0,72.6,1
65,1,1,0,0,3,16.3,0
65,2,5,1,0,3,90.5,1
65,3,7,2,0,0,86.9,1
65,4,1,1,0,3,91.1,0
65,5,6,2,1,0,80.9,1
65,6,5,1,0,0,79.1,0
65,7,7,1,0,0,75.7,0
65,8,5,0,1,0,62.5,0
65,9,3,0,0,0,80.4,0
65,10,3,0,0,0,27.4,0
65,11,0,0,0,0,73.6,0
65,12,0,0,0,0,17.8,0
65,13,5,1,0,0,57.9,1
65,14,2,0,0,0,67.4,0
65,15,0,0,0,0,13.1,0
65,16,3,1,0,0,34.5,1
65,17,3,1,0,0,50.3,1
65,18,1,0,0,0,17.8,0
65,19,6,1,0,0,73.2,1
65,20,0,0,0,3,37.9,0
65,21,0,0,0,0,92.2,0
65,22,6,2,0,0,55.5,0
65,23,2,2,0,0,94.5,1
65,24,8,1,1,0,75.8,1
65,25,7,2,0,3,105.8,1
65,26,0,0,0,0,50.6,0
65,27,3,1,0,0,83.8,1
65,28,4,0,0,0,113.4,0
65,29,6,0,0,0,105.0,0
65,30,0,0,1,0,24.2,0
65,31,8,2,0,0,49.7,1
65,32,2,0,0,0,47.3,0
65,33,6,2,0,0,77.4,1
65,34,6,2,1,0,54.2,0
65,35,1,0,0,0,40.7,0
65,36,7,1,0,2,100.2,0
65,37,6,1,0,0,90.1,0
65,38,5,1,0,2,101.9,1
65,39,4,0,0,0,23.5,0
65,40,7,2,1,0,45.3,1
65,41,8,1,1,0,75.4,1
65,42,7,2,1,0,46.6,0
65,43,4,1,0,0,79.3,1
65,44,5,0,0,0,58.2,0
65,45,6,1,0,0,49.6,0
65,46,8,2,1,0,63.6,1
65,47,8,1,0,0,80.2,1
65,48,4,1,0,0,69.9,1
65,49,8,1,0,0,207.4,1
65,50,7,1,0,0,141.4,1
65,51,5,1,0,0,96.1,0
65,52,1,0,0,0,56.8,0
65,53,6,1,1,0,72.7,1
65,54,0,0,0,0,110.1,0
65,55,4,1,0,0,52.0,1
65,56,5,1,0,0,134.4,1
65,57,5,0,0,0,70.7,0
65,58,8,1,0,0,96.6,1
65,59,8,1,0,0,99.7,1
65,60,4,2,0,3,30.1,0
66,1,2,1,0,0,31.0,0
66,2,3,1,0,0,156.1,1
66,3,7,1,1,0,42.7,0
66,4,8,1,0,0,55.4,0
66,5,2,0,0,0,29.2,0
66,6,8,1,0,0,58.0,1
66,7,3,1,0,0,29.5,0
66,8,0,0,0,0,31.1,0
66,9,3,0,1,0,50.0,0
66,10,1,0,0,0,17.2,0
66,11,2,1,1,0,32.1,0
66,12,0,0,0,0,81.7,0
66,13,2,0,0,0,50.1,0
66,14,8,2,0,0,155.1,1
66,15,4,2,0,0,129.5,0
66,16,0,0,0,0,14.8,0
66,17,2,0,0,0,86.9,0
66,18,1,1,0,0,17.4,0
66,19,1,1,0,0,32.1,0
66,20,2,0,0,2,70.5,0
66,21,4,1,0,0,100.1,0
66,22,0,0,0,0,69.5,0
66,23,8,1,0,0,59.2,1
66,24,0,0,0,0,37.2,0
66,25,7,1,0,0,45.6,0
66,26,5,0,0,0,84.0,0
66,27,2,0,1,0,26.6,0
66,28,7,2,0,0,52.7,1
66,29,2,0,0,0,12.6,0
66,30,3,1,0,0,102.7,0
66,31,7,0,0,0,138.4,0
66,32,1,0,0,0,72.6,0
66,33,0,0,0,0,23.5,0
66,34,6,2,1,0,48.0,1
66,35,5,1,0,3,73.1,1
66,36,3,1,0,0,43.2,0
66,37,2,0,1,0,30.7,0
66,38,8,2,0,0,77.4,1
66,39,0,0,0,0,28.2,0
66,40,7,0,0,0,75.8,0
66,41,3,2,0,0,71.8,1
66,42,5,2,0,0,37.3,1
66,43,1,0,0,0,24.1,0
66,44,3,1,0,0,55.3,0
66,45,6,2,0,0,81.7,0
66,46,2,0,1,0,38.5,0
66,47,7,2,0,0,115.1,1
66,48,8,2,1,0,125.7,0
66,49,6,2,0,0,69.5,1
66,50,6,1,0,0,83.7,0
66,51,7,2,0,0,120.6,1
66,52,2,1,0,0,26.4,1
66,53,1,0,0,1,23.3,0
66,54,8,2,1,0,109.9,1
66,55,2,2,0,0,28.2,1
66,56,5,1,0,3,104.0,1
66,57,6,2,0,0,101.9,0
66,58,7,2,0,0,140.6,1
66,59,0,0,0,0,31.9,0
66,60,5,2,0,0,37.8,0
67,1,4,0,0,0,27.9,0
67,2,6,2,0,0,112.5,1
67,3,2,2,0,0,55.4,0
67,4,6,1,0,0,50.7,1
67,5,8,1,0,0,58.8,0
67,6,6,0,0,0,34.2,1
67,7,7,1,0,0,36.8,0
67,8,7,1,1,3,45.2,1
67,9,8,2,0,3,95.8,1
67,10,1,0,0,0,129.2,0
67,11,8,1,1,0,76.9,1
67,12,4,1,0,0,94.6,1
67,13,4,0,0,1,128.4,0
67,14,4,0,0,0,43.4,0
67,15,2,1,0,2,53.3,1
67,16,1,0,0,0,45.0,0
67,17,0,0,0,0,51.0,1
67,18,7,2,0,2,65.1,1
67,19,2,0,0,1,185.8,0
67,20,3,0,0,0,60.9,0
67,21,5,1,0,0,40.3,1
67,22,8,1,1,0,81.9,1
67,23,6,2,0,2,91.3,1
67,24,2,0,0,3,37.7,0
67,25,7,2,0,0,57.1,1
67,26,5,2,0,0,53.8,1
67,27,4,2,0,0,54.2,0
67,28,7,2,0,0,100.0,1
67,29,0,0,0,2,50.2,0
67,30,6,1,0,2,79.3,1
67,31,5,0,1,2,81.3,1
67,32,5,1,0,1,40.0,0
67,33,5,1,1,0,42.7,0
67,34,1,1,0,0,58.0,0
67,35,0,0,0,1,27.4,0
67,36,3,1,0,1,28.2,1
67,37,2,0,0,0,41.7,0
67,38,8,2,0,0,99.9,1
67,39,1,1,0,3,71.7,1
67,40,8,2,0,0,108.7,1
67,41,1,1,0,0,34.3,0
67,42,4,2,1,0,55.6,1
67,43,5,2,0,0,75.1,0
67,44,6,1,0,0,61.5,1
67,45,1,0,0,0,77.2,0
67,46,3,2,0,0,73.1,1
67,47,8,0,0,1,74.9,1
67,48,8,2,0,0,116.6,1
67,49,8,2,0,0,56.2,1
67,50,5,2,0,0,36.3,1
67,51,4,1,0,0,74.1,1
67,52,2,1,0,0,22.0,0
67,53,3,0,0,0,34.0,0
67,54,4,0,0,0,58.5,1
67,55,7,1,0,0,90.9,1
67,56,8,2,0,0,52.3,1
67,57,0,0,0,0,26.8,0
67,58,2,0,0,0,26.8,0
67,59,0,0,0,0,59.2,0
67,60,2,0,0,0,14.8,0
68,1,8,1,0,1,157.3,1
68,2,5,1,0,0,108.5,1
68,3,1,0,0,3,65.4,0
68,4,2,0,0,3,54.9,0
68,5,8,2,0,0,44.5,1
68,6,7,0,0,3,43.7,1
68,7,4,1,0,0,105.7,1
68,8,3,0,0,0,170.4,0
68,9,3,0,0,0,79.8,0
68,10,6,1,0,0,75.7,0
68,11,1,0,0,0,81.9,0
68,12,5,1,0,0,60.6,0
68,13,6,1,0,0,95.9,1
68,14,5,0,0,0,56.2,0
68,15,0,0,0,0,111.0,0
68,16,6,1,0,0,37.9,1
68,17,4,0,0,2,35.5,1
68,18,6,2,0,1,48.4,1
68,19,0,0,0,0,63.4,0
68,20,4,1,0,2,77.4,0
68,21,3,1,0,0,38.8,1
68,22,1,0,0,3,37.1,0
68,23,8,2,0,0,130.7,0
68,24,5,0,0,1,65.5,0
68,25,4,0,0,0,56.1,0
68,26,5,2,0,2,87.8,1
68,27,4,1,0,0,42.9,1
68,28,7,2,0,0,54.7,1
68,29,7,2,1,0,102.8,0
68,30,0,0,0,0,148.7,0
68,31,0,0,0,1,25.0,0
68,32,0,0,0,0,10.6,1
68,33,2,1,0,0,58.1,1
68,34,3,1,0,2,67.9,1
68,35,1,1,0,2,17.9,0
68,36,7,1,0,0,78.0,1
68,37,6,2,0,0,41.1,0
68,38,7,1,0,0,94.5,0
68,39,1,0,0,0,116.3,0
68,40,7,1,0,0,107.1,1
68,41,7,2,1,0,104.4,1
68,42,0,0,0,0,62.2,0
68,43,6,2,0,0,70.3,0
68,44,7,2,0,0,52.3,0
68,45,4,0,0,0,93.6,0
68,46,4,1,0,0,102.8,0
68,47,3,0,0,0,61.8,0
68,48,1,1,0,0,29.9,0
68,49,6,2,0,0,54.5,1
68,50,2,1,0,0,173.5,0
68,51,3,1,1,0,52.6,0
68,52,2,0,0,1,34.5,0
68,53,4,1,0,0,52.9,0
68,54,4,2,1,1,77.3,1
68,55,7,2,1,0,126.9,1
68,56,3,0,1,2,70.8,1
68,57,7,1,0,0,56.0,0
68,58,0,0,0,0,22.0,0
68,59,7,0,0,0,63.4,0
68,60,7,2,0,3,85.5,1
69,1,1,0,0,1,49.0,0
69,2,3,1,0,1,35.9,1
69,3,3,0,0,0,104.5,0
69,4,3,1,0,3,32.3,0
69,5,6,2,0,0,50.5,1
69,6,6,1,0,0,118.4,1
69,7,3,0,0,3,150.1,0
69,8,3,0,0,0,30.6,0
69,9,5,1,1,0,89.0,0
69,10,0,0,0,0,20.3,0
69,11,7,1,1,2,87.3,1
69,12,4,0,0,1,64.0,0
69,13,3,2,0,0,124.8,1
69,14,0,1,0,0,13.8,0
69,15,8,0,0,1,45.8,0
69,16,7,2,1,1,59.8,1
69,17,3,1,0,1,28.3,0
69,18,7,2,1,0,117.9,1
69,19,4,1,0,0,46.0,0
69,20,2,0,0,0,66.7,1
69,21,6,2,0,0,85.3,1
69,22,2,0,0,0,35.5,0
69,23,5,0,0,3,80.0,0
69,24,6,2,0,0,48.7,1
69,25,0,0,0,0,80.8,0
69,26,5,1,0,0,67.4,0
69,27,2,1,0,0,60.1,0
69,28,4,2,0,0,25.9,0
69,29,4,0,0,0,39.6,0
69,30,5,0,0,0,52.4,1
69,31,7,2,0,0,141.6,1
69,32,4,0,0,0,100.1,0
69,33,1,0,0,0,144.4,0
69,34,2,0,0,2,72.2,0
69,35,2,0,0,0,92.3,0
69,36,5,2,0,0,57.9,1
69,37,4,0,0,0,34.1,0
69,38,6,1,0,0,84.3,1
69,39,1,0,0,0,83.5,0
69,40,8,1,0,1,65.9,1
69,41,1,0,0,0,83.1,0
69,42,4,0,0,0,118.8,0
69,43,3,1,0,0,68.9,1
69,44,3,1,0,1,131.7,0
69,45,1,0,0,0,82.5,0
69,46,5,1,0,0,123.9,1
69,47,3,0,0,0,39.6,0
69,48,4,0,0,0,88.3,0
69,49,1,0,0,0,41.5,0
69,50,1,0,0,0,57.1,0
69,51,7,2,1,0,47.2,1
69,52,4,2,0,2,70.1,1
69,53,6,1,0,0,172.1,0
69,54,2,0,0,3,120.1,0
69,55,0,0,0,0,42.4,0
69,56,2,0,0,3,60.9,0
69,57,5,1,0,0,101.5,1
69,58,1,0,1,5,91.4,1
69,59,3,1,0,1,52.2,1
69,60,6,1,0,0,73.1,0
70,1,5,0,0,0,36.8,1
70,2,2,0,0,2,116.8,0
70,3,1,0,0,0,8.6,0
70,4,6,1,0,0,76.8,0
70,5,2,1,0,0,30.2,0
70,6,3,1,0,0,32.1,0
70,7,1,0,1,0,56.6,0
70,8,7,1,0,0,92.1,1
70,9,3,0,0,0,90.6,0
70,10,5,1,0,0,124.4,0
70,11,3,1,0,0,59.1,0
70,12,2,0,0,0,36.2,0
70,13,4,2,0,0,89.8,0
70,14,8,1,0,0,54.9,1
70,15,2,0,0,0,107.1,0
70,16,1,0,0,1,30.0,1
70,17,7,2,0,1,82.9,1
70,18,0,0,0,0,12.2,0
70,19,6,1,1,0,57.0,0
70,20,3,1,1,0,72.0,0
70,21,8,1,0,0,68.9,1
70,22,0,0,0,0,27.2,0
70,23,8,1,0,0,52.9,0
70,24,2,0,0,0,50.8,0
70,25,3,1,0,0,30.2,1
70,26,5,1,0,0,41.6,0
70,27,7,2,0,0,93.8,1
70,28,5,0,0,0,44.8,0
70,29,4,0,0,0,52.9,0
70,30,8,2,0,3,138.0,1
70,31,3,2,0,0,25.5,0
70,32,4,0,0,0,62.3,1
70,33,1,0,0,0,18.0,0
70,34,7,2,0,0,95.8,0
70,35,5,1,0,0,77.2,0
70,36,6,2,0,0,40.7,0
70,37,7,1,0,0,80.9,0
70,38,7,2,0,0,62.8,1
70,39,0,0,1,0,87.2,0
70,40,6,2,0,2,56.9,1
70,41,4,0,0,0,80.2,0
70,42,0,0,0,0,74.0,0
70,43,8,2,0,0,103.5,1
70,44,1,0,0,0,158.4,0
70,45,5,2,0,0,60.8,0
70,46,2,1,0,0,58.6,1
70,47,3,0,0,0,165.0,0
70,48,7,2,0,0,42.5,1
70,49,6,2,0,0,73.3,1
70,50,0,0,0,2,6.2,0
70,51,7,1,0,0,61.8,1
70,52,4,1,0,0,183.5,1
70,53,1,1,0,0,69.7,0
70,54,2,1,1,1,27.8,1
70,55,0,0,0,0,35.6,0
70,56,7,2,0,0,64.9,1
70,57,6,2,0,0,148.2,1
70,58,0,1,0,0,27.4,0
70,59,5,2,0,0,91.2,1
70,60,6,0,0,0,159.1,0
71,1,5,2,1,0,38.3,1
71,2,0,0,0,0,71.6,0
71,3,1,0,0,0,26.5,0
71,4,8,0,0,0,152.1,0
71,5,6,2,0,0,95.8,0
71,6,3,0,1,0,44.1,0
71,7,1,0,0,2,38.0,0
71,8,0,0,0,0,15.2,0
71,9,6,2,1,0,131.9,0
71,10,7,1,0,0,45.1,0
71,11,5,1,0,2,80.2,1
71,12,8,2,1,3,71.1,1
71,13,5,1,0,0,108.0,1
71,14,8,1,0,0,80.1,1
71,15,1,0,0,1,68.8,0
71,16,3,1,0,0,59.6,1
71,17,7,1,1,0,173.5,1
71,18,1,1,0,1,33.0,0
71,19,2,1,0,0,29.7,0
71,20,4,1,1,0,21.2,0
71,21,0,0,0,0,28.4,0
71,22,0,0,0,0,63.5,0
71,23,7,2,0,0,67.4,1
71,24,6,2,0,0,61.3,1
71,25,6,0,0,0,77.9,0
71,26,6,1,0,0,87.5,1
71,27,7,2,0,0,109.1,0
71,28,2,1,1,0,101.3,0
71,29,4,1,1,0,56.6,0
71,30,5,2,0,0,103.9,1
71,31,4,0,0,0,58.9,1
71,32,7,2,0,3,136.9,1
71,33,5,1,0,0,119.0,1
71,34,2,0,0,0,44.1,0
71,35,5,2,0,0,110.9,1
71,36,8,2,0,1,69.4,0
71,37,4,1,0,0,75.7,0
71,38,2,1,0,0,37.9,1
71,39,0,0,0,0,8.4,0
71,40,1,0,0,0,124.7,0
71,41,0,0,0,0,22.8,0
71,42,8,2,0,0,130.7,1
71,43,7,2,0,2,62.3,1
71,44,0,0,0,0,13.8,0
71,45,8,1,1,0,139.1,1
71,46,7,2,0,0,91.5,1
71,47,7,1,0,0,98.8,1
71,48,0,1,0,0,44.6,0
71,49,5,1,0,0,115.9,1
71,50,2,0,0,0,46.4,0
71,51,2,0,1,0,33.8,1
71,52,5,1,0,0,131.3,1
71,53,0,0,0,0,26.1,0
71,54,2,0,0,0,47.4,0
71,55,1,0,0,2,38.5,0
71,56,2,1,0,0,13.4,1
71,57,6,2,0,0,77.1,1
71,58,6,0,1,0,129.6,0
71,59,3,2,0,0,52.3,0
71,60,2,1,0,0,47.4,0
72,1,1,0,0,0,56.8,1
72,2,1,0,0,0,138.1,0
72,3,6,2,0,0,80.3,1
72,4,0,0,0,0,52.2,0
72,5,7,1,0,3,68.6,1
72,6,6,1,1,3,71.6,1
72,7,6,2,0,0,50.2,1
72,8,8,2,0,1,76.8,1
72,9,6,1,0,0,142.8,0
72,10,0,0,0,0,3.3,0
72,11,0,0,0,0,26.5,0
72,12,6,1,0,0,45.0,1
72,13,5,1,1,0,56.9,1
72,14,6,2,0,2,59.4,0
72,15,1,0,0,0,61.6,0
72,16,3,0,0,0,60.3,0
72,17,6,1,0,1,83.1,0
72,18,2,0,1,0,89.3,0
72,19,6,1,1,0,57.5,1
72,20,0,0,0,0,61.4,0
72,21,8,1,0,0,100.3,1
72,22,4,1,1,0,48.3,0
72,23,2,0,0,0,36.4,0
72,24,1,0,0,0,31.2,0
72,25,2,1,0,0,116.9,0
72,26,3,1,0,0,45.9,1
72,27,2,0,0,0,40.9,0
72,28,0,0,0,0,62.7,0
72,29,6,0,0,0,65.9,0
72,30,4,1,0,0,117.5,0
72,31,1,0,0,0,45.5,0
72,32,3,0,0,0,93.1,0
72,33,0,0,0,1,32.4,0
72,34,8,2,0,2,93.3,1
72,35,0,0,0,3,44.4,0
72,36,4,2,1,0,31.9,0
72,37,0,0,0,4,30.2,0
72,38,5,1,0,0,49.3,0
72,39,2,0,0,0,25.0,0
72,40,5,2,0,3,32.5,1
72,41,3,0,0,0,76.9,0
72,42,4,1,0,2,64.9,1
72,43,2,0,0,0,26.4,1
72,44,5,1,0,0,74.2,0
72,45,2,1,0,2,29.8,1
72,46,3,1,0,0,59.5,0
72,47,2,1,0,0,24.8,1
72,48,1,0,0,1,53.1,0
72,49,4,1,0,0,44.7,0
72,50,7,1,0,0,50.1,0
72,51,8,2,0,0,103.1,1
72,52,7,2,0,0,46.9,1
72,53,2,1,0,0,60.0,0
72,54,4,0,1,0,137.3,0
72,55,3,2,1,0,61.1,1
72,56,3,0,0,6,50.1,1
72,57,1,0,0,0,90.6,0
72,58,6,1,0,0,69.7,1
72,59,2,2,0,0,24.0,1
72,60,5,2,1,0,46.1,1
73,1,4,2,0,0,34.7,1
73,2,7,0,0,0,79.0,0
73,3,6,2,1,0,152.6,0
73,4,2,1,0,0,73.0,0
73,5,8,2,0,0,77.0,1
73,6,8,1,0,0,91.8,0
73,7,4,1,0,0,79.7,1
73,8,2,0,0,0,96.0,0
73,9,7,2,0,0,71.4,1
73,10,1,0,0,0,33.9,0
73,11,0,0,0,1,44.5,1
73,12,0,0,0,0,37.0,0
73,13,6,2,0,0,103.9,1
73,14,6,2,0,2,76.9,1
73,15,6,1,0,0,110.1,1
73,16,2,1,0,0,27.9,1
73,17,6,1,1,0,83.0,1
73,18,0,0,0,0,75.0,0
73,19,5,1,0,0,114.7,1
73,20,1,0,0,0,28.6,0
73,21,8,2,0,3,91.2,1
73,22,4,2,0,0,106.5,0
73,23,1,0,0,1,126.6,0
73,24,0,0,0,0,49.5,1
73,25,3,0,0,0,67.7,1
73,26,6,2,0,0,90.4,1
73,27,8,2,0,0,58.6,0
73,28,4,2,0,0,50.4,1
73,29,4,1,0,0,63.2,1
73,30,1,0,0,2,76.8,1
73,31,3,1,0,0,41.3,1
73,32,6,2,0,0,52.1,0
73,33,7,1,0,1,49.0,1
73,34,0,0,0,2,81.5,0
73,35,5,1,0,0,83.4,1
73,36,0,0,0,0,69.1,0
73,37,2,1,0,0,32.6,1
73,38,1,0,0,0,54.0,0
73,39,5,0,0,0,46.4,1
73,40,1,1,0,0,90.5,0
73,41,0,0,0,0,123.9,0
73,42,0,0,0,1,8.7,0
73,43,7,1,0,0,51.7,0
73,44,8,1,0,0,92.2,1
73,45,7,2,0,0,143.4,1
73,46,2,1,0,0,164.9,1
73,47,4,1,0,1,97.6,1
73,48,7,1,0,0,53.5,0
73,49,4,0,1,0,48.4,1
73,50,1,1,1,0,63.6,1
73,51,2,1,0,0,55.5,1
73,52,5,1,0,0,32.7,0
73,53,1,1,0,1,80.2,0
73,54,3,1,0,0,76.7,0
73,55,0,0,0,0,10.5,0
73,56,8,1,1,0,56.9,1
73,57,8,2,0,0,225.3,0
73,58,0,0,0,0,69.4,0
73,59,8,2,0,3,43.0,1
73,60,8,2,0,0,82.7,1
74,1,8,2,0,0,47.2,1
74,2,5,1,0,0,66.1,1
74,3,5,0,0,0,124.9,0
74,4,7,2,0,0,178.9,0
74,5,3,2,0,0,31.1,1
74,6,3,1,0,0,43.4,0
74,7,7,2,0,2,111.0,0
74,8,2,1,1,2,51.6,1
74,9,6,0,0,0,49.7,0
74,10,2,1,0,0,59.3,0
74,11,7,2,0,0,52.5,0
74,12,1,0,0,0,12.0,0
74,13,4,1,1,0,32.8,0
74,14,3,0,1,0,71.1,0
74,15,8,2,0,0,66.9,0
74,16,7,2,0,0,63.0,1
74,17,4,0,0,0,86.9,0
74,18,4,0,0,0,58.4,1
74,19,7,1,0,0,118.9,1
74,20,6,2,0,0,176.5,1
74,21,3,1,0,3,58.1,1
74,22,2,0,0,0,57.2,0
74,23,7,1,0,1,84.3,0
74,24,5,0,0,0,74.7,0
74,25,5,1,0,0,64.3,0
74,26,5,0,0,0,55.6,0
74,27,7,1,1,0,88.8,1
74,28,4,1,0,0,80.5,0
74,29,8,2,0,0,51.8,0
74,30,1,1,1,2,47.9,0
74,31,0,0,0,1,34.8,0
74,32,1,0,0,0,98.4,0
74,33,6,2,1,0,58.9,1
74,34,6,2,1,0,47.1,0
74,35,5,1,0,0,81.8,0
74,36,0,0,0,0,42.6,0
74,37,6,1,0,0,84.6,0
74,38,0,0,0,0,30.5,0
74,39,1,0,0,2,17.7,1
74,40,2,1,0,0,63.4,1
74,41,4,0,0,0,24.9,0
74,42,8,2,1,0,44.6,1
74,43,4,1,0,0,32.6,1
74,44,5,1,1,0,37.8,1
74,45,1,0,0,3,45.4,0
74,46,2,1,0,2,52.7,1
74,47,1,0,0,0,27.0,0
74,48,1,0,0,3,54.3,0
74,49,5,0,0,0,85.5,0
74,50,2,0,0,0,82.7,0
74,51,5,0,1,0,80.3,0
74,52,2,0,0,0,104.0,0
74,53,8,2,0,0,80.7,1
74,54,0,0,0,0,19.2,0
74,55,3,1,0,0,80.5,1
74,56,0,0,0,0,29.5,0
74,57,3,0,0,1,97.4,0
74,58,0,0,0,0,15.0,0
74,59,1,0,0,0,45.4,0
74,60,4,1,0,2,73.5,1
75,1,2,1,0,0,46.1,0
75,2,7,1,0,0,175.0,0
75,3,0,1,0,2,41.2,0
75,4,1,0,1,3,119.9,1
75,5,2,0,0,0,64.3,0
75,6,8,1,0,0,50.5,1
75,7,4,0,0,0,40.8,0
75,8,1,0,1,0,24.6,0
75,9,7,2,1,0,59.4,0
75,10,3,0,1,3,194.4,0
75,11,3,2,0,0,36.5,0
75,12,6,0,0,0,88.9,0
75,13,7,2,0,0,109.3,0
75,14,3,1,1,2,34.1,1
75,15,7,2,0,0,114.1,1
75,16,3,1,0,0,44.5,0
75,17,2,1,0,0,64.3,0
75,18,2,1,0,0,36.3,1
75,19,3,0,0,0,60.4,0
75,20,8,1,1,0,127.5,0
75,21,7,2,0,0,56.9,0
75,22,3,0,1,0,123.6,0
75,23,8,1,1,0,88.0,1
75,24,0,0,0,0,14.4,0
75,25,1,0,0,2,89.5,0
75,26,7,2,0,1,131.3,1
75,27,5,2,0,0,63.5,1
75,28,6,0,0,3,74.7,0
75,29,8,2,0,0,48.2,1
75,30,0,0,0,0,85.1,0
75,31,3,1,0,0,24.6,0
75,32,1,1,0,0,71.4,0
75,33,3,1,0,0,53.3,0
75,34,7,1,0,0,154.0,1
75,35,7,2,1,0,62.1,1
75,36,0,1,0,0,83.7,0
75,37,0,0,0,0,40.8,0
75,38,7,1,1,0,107.0,1
75,39,1,0,0,0,21.1,0
75,40,7,1,0,0,143.1,1
75,41,4,2,0,0,57.6,1
75,42,5,1,0,0,58.1,1
75,43,8,2,0,0,59.1,1
75,44,4,2,0,0,57.2,1
75,45,2,1,0,0,37.1,0
75,46,4,1,0,0,64.1,0
75,47,0,0,0,0,38.5,0
75,48,8,1,0,0,99.8,0
75,49,0,0,0,0,57.8,0
75,50,2,0,0,0,46.8,0
75,51,5,1,1,0,62.4,1
75,52,3,0,0,0,75.9,0
75,53,6,1,1,1,99.2,1
75,54,6,1,0,0,117.0,1
75,55,8,1,0,0,81.7,1
75,56,1,0,0,0,14.2,0
75,57,6,0,0,0,109.0,0
75,58,7,0,0,0,78.5,1
75,59,2,0,0,0,46.5,0
75,60,4,0,0,1,65.7,0
76,1,0,0,0,2,25.1,0
76,2,2,1,0,0,68.3,0
76,3,5,1,0,0,64.3,1
76,4,1,0,0,0,26.0,0
76,5,7,2,0,0,90.9,0
76,6,1,0,0,0,20.3,0
76,7,7,2,0,0,96.6,0
76,8,1,1,0,0,110.3,0
76,9,0,0,0,0,25.0,0
76,10,7,1,1,0,42.1,0
76,11,5,0,0,0,65.0,0
76,12,0,0,0,0,28.1,0
76,13,7,1,0,0,111.1,0
76,14,4,2,1,0,26.5,1
76,15,6,1,0,0,159.7,1
76,16,3,2,0,3,94.0,1
76,17,7,2,0,1,179.8,1
76,18,3,1,0,0,34.7,0
76,19,6,2,1,3,69.8,1
76,20,8,1,0,0,244.3,1
76,21,7,0,0,0,79.1,0
76,22,0,0,0,0,16.6,0
76,23,8,0,0,0,87.5,0
76,24,3,2,0,0,90.7,0
76,25,5,1,0,0,53.9,1
76,26,1,0,0,0,27.4,0
76,27,5,1,0,0,111.2,0
76,28,3,1,0,0,112.1,0
76,29,1,0,0,0,171.3,0
76,30,6,1,0,0,167.4,1
76,31,3,2,0,0,58.6,0
76,32,2,0,0,0,54.6,0
76,33,2,0,0,0,19.7,1
76,34,7,1,0,0,65.1,0
76,35,1,1,0,3,18.2,0
76,36,2,0,0,0,68.3,0
76,37,7,2,0,2,103.4,1
76,38,0,0,0,0,131.0,1
76,39,4,0,0,0,60.8,0
76,40,2,0,1,1,30.8,0
76,41,6,1,0,0,38.6,0
76,42,3,1,0,0,22.1,0
76,43,0,0,1,0,19.6,0
76,44,8,2,0,0,78.5,1
76,45,5,2,0,0,64.0,1
76,46,2,0,0,0,28.5,0
76,47,6,2,0,2,50.5,1
76,48,6,1,0,0,83.1,0
76,49,3,2,0,3,35.6,1
76,50,3,1,0,0,116.2,1
76,51,6,1,0,0,72.1,0
76,52,6,2,0,0,94.9,1
76,53,4,2,0,0,80.7,0
76,54,2,1,0,0,21.0,0
76,55,8,2,0,0,146.9,1
76,56,6,1,1,1,70.6,0
76,57,6,1,0,0,67.8,1
76,58,7,2,0,0,77.6,1
76,59,7,2,1,0,58.6,1
76,60,6,1,0,0,135.6,0
77,1,2,0,0,0,40.3,0
77,2,0,0,0,0,23.9,1
77,3,3,0,0,0,86.1,0
77,4,0,0,0,0,103.7,0
77,5,5,2,0,0,78.3,1
77,6,3,1,0,0,91.0,1
77,7,0,0,0,0,25.5,0
77,8,5,1,0,0,70.8,1
77,9,2,1,0,0,26.7,0
77,10,4,1,0,0,80.5,0
77,11,3,0,0,0,51.0,0
77,12,5,2,1,0,30.3,1
77,13,5,2,0,0,85.6,1
77,14,4,0,0,3,42.3,1
77,15,0,0,0,2,28.3,0
77,16,3,1,1,0,39.5,0
77,17,0,0,0,3,57.5,0
77,18,3,0,0,0,77.1,1
77,19,5,1,0,0,53.9,0
77,20,8,1,0,0,46.6,0
77,21,3,0,0,0,37.3,0
77,22,8,2,1,0,43.3,0
77,23,6,2,0,0,118.8,1
77,24,1,0,0,2,50.3,0
77,25,7,2,0,2,146.7,1
77,26,5,1,0,0,62.6,1
77,27,2,1,0,0,59.2,1
77,28,1,0,0,0,27.1,0
77,29,7,1,0,0,75.3,1
77,30,8,2,1,0,173.3,1
77,31,8,1,0,0,51.8,0
77,32,8,1,0,0,113.7,1
77,33,1,2,0,1,89.3,0
77,34,1,0,0,0,30.2,0
77,35,8,1,0,0,64.8,1
77,36,6,2,0,3,243.0,1
77,37,7,2,1,0,147.2,1
77,38,3,1,0,0,43.2,1
77,39,3,0,0,0,26.4,1
77,40,2,1,0,0,33.2,1
77,41,2,0,0,0,104.8,0
77,42,8,1,1,0,111.1,1
77,43,7,1,0,0,93.5,0
77,44,3,1,0,1,127.4,0
77,45,0,0,0,0,14.8,0
77,46,5,1,1,2,112.9,1
77,47,3,2,0,3,27.9,1
77,48,5,2,1,0,56.9,1
77,49,1,0,0,0,108.2,0
77,50,8,1,0,0,53.1,0
77,51,1,0,0,1,49.7,0
77,52,8,2,0,0,118.2,1
77,53,4,1,0,2,56.8,0
77,54,4,2,1,0,32.1,1
77,55,3,1,0,1,56.9,0
77,56,3,0,0,3,34.0,0
77,57,8,2,0,1,65.1,0
77,58,7,1,0,2,53.5,1
77,59,2,1,0,2,51.7,0
77,60,4,1,0,0,102.2,0
78,1,8,2,1,0,116.6,1
78,2,4,1,0,0,55.1,1
78,3,0,0,0,0,71.1,0
78,4,7,2,0,0,72.4,0
78,5,4,1,0,2,34.2,1
78,6,1,1,0,0,127.4,0
78,7,6,2,0,0,53.1,0
78,8,3,1,0,0,88.0,0
78,9,1,1,0,2,45.0,0
78,10,7,1,0,0,50.6,0
78,11,6,2,0,0,71.5,1
78,12,1,0,0,0,43.0,0
78,13,1,1,0,0,194.3,1
78,14,8,2,0,2,120.9,1
78,15,1,0,0,0,12.8,1
78,16,8,1,0,2,84.8,1
78,17,1,0,0,0,50.6,0
78,18,1,1,0,0,152.3,0
78,19,2,0,0,2,26.0,0
78,20,8,2,0,1,64.4,1
78,21,0,0,0,0,17.2,0
78,22,2,1,1,0,39.2,1
78,23,1,0,0,2,20.2,0
78,24,7,2,1,0,95.5,0
78,25,4,1,0,0,43.0,0
78,26,7,1,1,0,80.5,1
78,27,7,2,0,0,56.7,0
78,28,6,1,1,0,68.5,1
78,29,0,0,0,0,32.9,1
78,30,1,2,0,0,171.1,0
78,31,7,2,0,0,161.1,1
78,32,5,0,0,0,83.6,0
78,33,0,0,0,0,22.0,0
78,34,6,1,1,0,74.6,0
78,35,5,1,0,2,68.5,1
78,36,4,0,0,1,73.5,0
78,37,5,1,0,0,134.3,0
78,38,8,2,1,0,69.3,1
78,39,2,2,0,0,80.9,0
78,40,7,2,0,0,51.5,1
78,41,5,2,0,0,83.7,1
78,42,8,2,0,0,81.2,0
78,43,8,1,1,0,58.1,1
78,44,1,1,0,0,153.7,0
78,45,1,1,0,0,16.6,0
78,46,2,1,0,0,71.9,0
78,47,8,2,0,0,76.8,1
78,48,1,0,0,3,54.3,0
78,49,1,0,0,1,58.7,0
78,50,2,0,0,0,53.6,0
78,51,4,2,0,0,78.3,1
78,52,5,0,1,3,104.8,1
78,53,0,0,0,0,52.9,0
78,54,5,0,1,1,52.4,0
78,55,0,0,0,3,99.4,1
78,56,7,0,0,0,124.6,0
78,57,8,2,0,0,59.4,1
78,58,1,2,0,0,82.6,1
78,59,5,1,0,0,126.6,0
78,60,2,1,1,0,48.9,0
79,1,7,1,0,0,63.8,0
79,2,6,2,0,0,187.7,0
79,3,5,1,0,0,45.3,1
79,4,1,1,0,0,17.8,0
79,5,8,1,0,0,85.3,0
79,6,8,1,0,0,123.4,0
79,7,5,1,0,0,84.3,0
79,8,6,1,0,1,80.4,0
79,9,6,2,1,0,118.0,0
79,10,3,0,0,0,127.2,1
79,11,0,0,0,0,83.4,0
79,12,6,2,0,1,82.4,1
79,13,1,0,0,0,173.6,0
79,14,1,1,0,1,83.7,0
79,15,7,0,1,0,102.3,1
79,16,4,0,0,3,148.0,0
79,17,3,0,0,0,181.4,1
79,18,6,0,0,0,63.1,0
79,19,2,1,0,0,37.8,1
79,20,8,2,0,0,58.8,1
79,21,2,1,0,0,89.8,0
79,22,4,2,0,1,35.3,0
79,23,4,2,0,0,74.6,1
79,24,1,1,0,0,12.2,1
79,25,7,2,0,0,94.7,1
79,26,0,0,0,0,58.0,0
79,27,8,2,1,0,60.2,0
79,28,7,2,1,0,60.6,1
79,29,1,2,0,0,8.7,1
79,30,8,2,0,0,70.1,1
79,31,7,2,1,0,62.0,1
79,32,0,0,0,4,15.1,0
79,33,0,1,0,0,40.4,0
79,34,4,2,0,0,24.7,1
79,35,6,2,0,0,68.4,0
79,36,7,2,0,0,102.9,1
79,37,6,2,0,1,54.7,0
79,38,6,1,0,0,36.9,1
79,39,3,1,0,0,42.0,0
79,40,4,2,0,0,61.9,1
79,41,7,2,0,0,92.4,1
79,42,6,2,1,0,56.9,0
79,43,4,2,0,0,53.4,1
79,44,8,1,0,0,83.6,1
79,45,0,0,0,0,119.0,0
79,46,5,2,0,0,92.3,1
79,47,2,0,0,3,52.6,0
79,48,0,0,0,0,19.5,0
79,49,5,1,0,0,38.5,0
79,50,0,0,0,0,45.7,0
79,51,8,1,0,0,165.1,1
79,52,3,0,0,0,51.8,0
79,53,6,1,0,0,116.0,0
79,54,0,0,0,0,74.0,0
79,55,3,0,0,0,33.8,0
79,56,0,0,0,0,9.4,0
79,57,1,0,0,0,58.6,1
79,58,4,1,0,0,50.0,0
79,59,3,0,0,2,38.7,0
79,60,8,2,0,0,66.6,0
80,1,4,2,0,1,29.1,1
80,2,6,0,0,1,103.7,1
80,3,7,2,1,3,47.7,1
80,4,0,1,0,0,59.0,0
80,5,8,1,1,0,85.3,0
80,6,6,0,0,0,66.7,1
80,7,5,0,0,0,58.9,0
80,8,0,0,0,0,47.5,0
80,9,3,0,0,0,89.6,0
80,10,8,2,0,3,103.3,1
80,11,5,1,1,0,50.2,0
80,12,2,0,0,0,42.0,0
80,13,3,0,0,1,67.4,0
80,14,8,1,0,3,108.5,1
80,15,7,2,0,0,60.6,1
80,16,0,0,0,0,106.7,0
80,17,8,2,0,0,168.1,1
80,18,0,0,0,0,15.1,0
80,19,6,2,0,0,39.3,1
80,20,6,0,1,0,91.7,1
80,21,1,1,0,0,55.7,0
80,22,1,0,0,1,8.8,0
80,23,1,0,0,0,112.9,0
80,24,4,1,0,3,45.4,0
80,25,3,1,0,0,60.1,0
80,26,5,2,1,3,45.7,1
80,27,3,1,0,0,54.7,0
80,28,3,0,0,2,77.0,0
80,29,5,0,0,0,52.5,0
80,30,8,2,0,0,64.2,1
80,31,6,1,0,0,63.4,0
80,32,4,1,1,3,35.6,1
80,33,6,1,0,0,54.5,1
80,34,0,0,0,0,34.5,0
80,35,4,0,0,0,50.3,0
80,36,4,2,0,0,48.2,1
80,37,4,1,1,0,43.8,0
80,38,6,0,0,0,71.0,1
80,39,6,2,0,3,71.8,1
80,40,8,2,0,2,100.7,1
80,41,3,1,0,1,106.0,1
80,42,0,0,0,0,2.2,0
80,43,1,1,0,0,28.8,1
80,44,3,1,0,0,56.1,1
80,45,5,1,0,0,75.0,1
80,46,6,2,0,0,39.6,1
80,47,4,1,0,2,39.7,1
80,48,5,1,0,0,86.5,1
80,49,1,0,0,0,19.3,0
80,50,3,1,0,0,78.9,1
80,51,8,2,0,0,105.1,1
80,52,3,0,0,0,53.8,0
80,53,5,1,0,2,119.5,1
80,54,0,0,0,0,51.8,0
80,55,3,1,1,0,74.3,0
80,56,4,1,0,0,43.8,1
80,57,4,1,0,7,65.0,1
80,58,4,0,0,3,63.8,0
80,59,2,1,1,3,66.1,0
80,60,0,0,0,0,21.2,0
81,1,1,0,0,0,75.4,0
81,2,7,2,0,1,77.5,1
81,3,7,1,0,3,44.9,0
81,4,8,2,0,0,94.4,1
81,5,5,2,0,3,67.5,1
81,6,1,0,0,0,57.7,0
81,7,7,1,0,0,58.4,1
81,8,1,0,0,0,20.7,0
81,9,2,1,0,0,26.2,0
81,10,4,0,0,0,57.1,0
81,11,6,1,0,0,75.0,0
81,12,3,1,0,0,46.8,1
81,13,6,2,0,0,111.6,1
81,14,0,0,0,0,39.9,0
81,15,5,0,0,3,44.8,0
81,16,5,1,0,3,55.8,1
81,17,2,0,1,0,77.1,1
81,18,3,1,0,0,57.7,1
81,19,6,2,0,0,166.4,0
81,20,5,2,0,0,182.3,1
81,21,7,2,0,0,113.7,1
81,22,1,0,0,0,145.7,0
81,23,3,0,0,1,58.9,0
81,24,6,1,0,0,101.3,1
81,25,6,1,0,0,110.3,0
81,26,4,2,1,1,64.7,0
81,27,0,0,0,0,32.7,0
81,28,2,0,0,0,71.8,0
81,29,1,0,0,0,74.9,0
81,30,2,1,0,0,22.5,0
81,31,2,0,1,0,70.9,0
81,32,7,2,0,0,65.5,0
81,33,4,2,0,0,65.8,0
81,34,0,1,0,0,34.0,0
81,35,3,2,0,0,68.5,1
81,36,7,2,0,1,51.3,1
81,37,8,2,0,0,180.1,1
81,38,4,1,0,0,127.9,0
81,39,8,2,0,2,53.4,1
81,40,6,1,0,0,64.4,0
81,41,3,1,1,0,58.1,0
81,42,8,1,0,0,50.0,0
81,43,7,0,0,0,72.5,0
81,44,0,0,0,1,18.6,0
81,45,8,1,0,0,122.3,0
81,46,8,2,1,0,111.4,1
81,47,6,0,0,0,117.0,0
81,48,2,0,0,0,39.6,0
81,49,1,0,0,0,51.4,0
81,50,4,1,0,3,110.3,1
81,51,7,2,0,0,64.0,1
81,52,4,1,0,0,32.8,0
81,53,8,1,1,2,85.8,0
81,54,5,1,0,0,55.6,0
81,55,0,0,0,0,31.4,0
81,56,8,1,0,2,54.6,1
81,57,0,0,0,0,20.6,0
81,58,6,2,0,1,66.4,1
81,59,8,2,0,0,53.7,1
81,60,4,2,0,0,77.9,1
82,1,0,0,0,0,40.6,1
82,2,6,1,1,0,69.8,1
82,3,6,1,1,0,34.6,1
82,4,4,2,0,0,41.2,1
82,5,7,1,0,0,70.6,1
82,6,5,1,0,0,81.1,1
82,7,1,0,0,1,10.3,1
82,8,2,1,0,0,170.5,0
82,9,4,1,0,0,37.6,1
82,10,3,1,0,0,27.1,0
82,11,8,1,0,0,65.7,1
82,12,8,2,0,2,72.8,1
82,13,8,2,1,0,61.9,1
82,14,5,1,0,6,50.4,1
82,15,4,1,0,0,21.0,0
82,16,5,2,0,0,30.7,1
82,17,6,1,1,0,38.5,1
82,18,3,2,0,0,168.5,0
82,19,0,1,0,0,44.9,1
82,20,4,2,0,3,64.1,1
82,21,7,2,0,0,76.1,1
82,22,6,1,0,0,202.3,0
82,23,1,2,0,0,19.7,1
82,24,2,1,0,0,30.6,0
82,25,5,1,0,3,64.6,0
82,26,2,0,1,0,89.6,1
82,27,3,1,0,0,49.1,0
82,28,0,0,0,0,25.4,0
82,29,6,0,0,0,70.8,0
82,30,3,1,0,0,106.9,1
82,31,8,1,0,0,56.1,1
82,32,3,0,0,0,40.6,0
82,33,8,2,0,0,98.8,0
82,34,8,1,0,0,68.3,0
82,35,5,1,0,0,38.5,0
82,36,0,0,0,0,49.5,0
82,37,0,0,0,0,30.5,0
82,38,2,0,0,6,81.4,1
82,39,2,1,0,0,64.4,0
82,40,4,0,0,0,50.8,0
82,41,6,1,1,0,63.8,1
82,42,0,0,0,1,11.4,0
82,43,8,2,0,2,44.9,1
82,44,5,2,0,0,57.0,0
82,45,3,2,0,1,90.9,0
82,46,7,2,1,2,43.4,1
82,47,0,0,0,1,43.1,0
82,48,3,1,0,0,57.1,0
82,49,5,1,1,0,36.8,1
82,50,7,2,0,0,77.0,1
82,51,7,1,1,0,84.0,1
82,52,0,0,0,0,64.3,0
82,53,1,1,0,0,52.0,0
82,54,0,0,0,3,38.7,0
82,55,0,0,0,0,36.2,0
82,56,1,0,0,0,9.6,0
82,57,1,1,0,0,14.8,0
82,58,3,1,0,0,69.4,0
82,59,4,0,0,0,46.1,0
82,60,4,1,0,0,134.9,0
83,1,4,0,0,3,56.2,0
83,2,2,0,0,0,58.4,0
83,3,8,2,0,0,42.7,1
83,4,1,0,0,0,69.9,0
83,5,1,1,0,0,31.6,0
83,6,5,0,0,0,100.7,0
83,7,2,0,0,0,19.3,0
83,8,8,0,0,0,70.6,0
83,9,5,0,0,0,38.7,0
83,10,4,0,0,0,31.6,0
83,11,5,0,0,1,72.3,0
83,12,6,0,0,0,93.8,0
83,13,8,1,0,0,60.5,1
83,14,5,1,1,0,55.8,0
83,15,4,1,0,0,37.4,0
83,16,6,2,0,1,44.4,1
83,17,3,0,0,0,62.2,0
83,18,7,1,0,0,98.1,1
83,19,4,0,0,0,105.2,0
83,20,5,1,0,0,35.5,0
83,21,1,0,0,4,76.2,0
83,22,3,1,1,0,44.0,0
83,23,7,2,0,1,45.2,0
83,24,6,2,0,0,47.5,0
83,25,8,1,1,0,99.6,0
83,26,2,0,0,0,63.0,0
83,27,2,1,1,0,33.0,0
83,28,4,1,1,0,82.1,0
83,29,4,1,0,0,137.1,0
83,30,5,1,0,0,61.3,1
83,31,4,0,0,0,27.6,0
83,32,2,1,1,0,34.9,1
83,33,3,1,0,0,50.1,0
83,34,4,1,0,0,37.9,0
83,35,6,2,1,0,87.9,0
83,36,4,1,0,1,135.1,0
83,37,5,1,0,0,72.3,1
83,38,3,2,0,0,87.3,1
83,39,6,1,0,3,40.7,1
83,40,6,0,0,0,106.9,0
83,41,5,1,0,3,44.8,1
83,42,5,0,0,0,41.7,0
83,43,4,1,0,3,121.3,1
83,44,1,0,0,1,42.3,0
83,45,4,2,0,0,59.7,1
83,46,3,0,0,3,21.6,1
83,47,5,2,1,0,97.6,1
83,48,8,2,0,0,171.1,1
83,49,2,1,1,0,21.9,0
83,50,1,1,0,0,12.4,0
83,51,1,1,0,0,31.0,0
83,52,5,2,0,0,79.2,0
83,53,4,0,0,0,26.5,0
83,54,4,1,1,1,197.2,0
83,55,6,1,0,0,66.8,1
83,56,5,0,0,0,71.4,1
83,57,2,0,0,0,32.4,0
83,58,2,0,0,0,57.7,0
83,59,2,0,0,4,14.0,0
83,60,1,1,0,3,89.3,1
84,1,4,1,0,0,57.5,1
84,2,8,0,0,0,63.8,0
84,3,3,2,0,0,76.5,1
84,4,5,2,0,0,90.9,1
84,5,1,0,0,0,43.2,0
84,6,7,1,0,0,52.2,1
84,7,0,1,0,1,6.7,1
84,8,0,0,0,0,48.4,0
84,9,2,0,0,3,82.2,0
84,10,3,0,1,0,26.7,0
84,11,1,1,0,0,125.8,1
84,12,0,0,0,0,11.1,0
84,13,1,1,0,0,39.6,0
84,14,3,2,0,0,96.5,1
84,15,1,0,0,0,26.8,0
84,16,7,2,1,0,87.5,1
84,17,4,0,0,0,31.2,1
84,18,7,1,0,0,48.4,0
84,19,3,1,0,0,40.9,1
84,20,8,2,0,0,58.9,1
84,21,5,2,0,0,64.0,1
84,22,8,2,0,0,79.6,1
84,23,1,1,0,0,45.7,0
84,24,4,2,0,0,60.2,0
84,25,4,1,0,0,21.5,0
84,26,6,1,0,0,126.9,0
84,27,8,1,0,0,99.1,0
84,28,3,1,0,0,171.2,0
84,29,7,1,0,0,38.0,0
84,30,1,0,0,2,22.2,0
84,31,8,2,0,0,66.3,1
84,32,2,0,0,0,17.3,1
84,33,8,1,0,0,59.1,1
84,34,5,0,0,0,104.3,1
84,35,1,0,0,0,51.0,0
84,36,4,1,0,0,52.0,0
84,37,8,1,1,0,60.8,1
84,38,3,1,0,0,48.9,1
84,39,0,0,0,0,143.0,0
84,40,5,1,1,0,39.8,1
84,41,0,0,0,0,35.1,0
84,42,7,1,0,0,62.6,0
84,43,2,0,0,0,64.0,1
84,44,4,1,0,0,113.0,0
84,45,4,2,0,0,102.8,1
84,46,7,2,0,0,55.8,1
84,47,8,2,0,2,50.9,1
84,48,4,1,0,0,72.5,0
84,49,4,1,1,0,40.2,1
84,50,5,1,0,0,65.8,0
84,51,0,1,1,0,109.7,1
84,52,1,1,0,0,16.1,0
84,53,5,1,0,0,72.2,1
84,54,7,2,0,0,85.3,1
84,55,7,1,0,0,115.4,1
84,56,8,0,0,3,83.8,1
84,57,4,0,0,0,77.9,0
84,58,0,0,0,0,37.7,0
84,59,7,2,1,0,72.8,1
84,60,1,0,0,0,21.6,0
85,1,6,2,0,0,84.9,1
85,2,2,0,0,0,92.0,0
85,3,0,0,0,0,67.2,1
85,4,8,2,0,0,94.8,1
85,5,1,0,0,2,36.6,0
85,6,0,0,0,0,11.3,0
85,7,4,2,0,0,204.9,1
85,8,1,1,0,0,16.3,1
85,9,7,2,0,0,104.3,1
85,10,0,0,0,0,139.8,0
85,11,1,0,0,0,17.8,0
85,12,2,1,0,0,42.2,1
85,13,4,1,0,2,81.1,1
85,14,2,0,0,0,58.5,1
85,15,0,0,0,5,60.4,1
85,16,7,2,0,1,75.3,1
85,17,2,1,0,0,69.4,0
85,18,6,1,0,0,50.2,1
85,19,0,0,0,0,13.9,0
85,20,5,1,1,0,67.1,0
85,21,4,0,0,0,52.8,0
85,22,8,2,0,0,64.5,0
85,23,5,1,0,0,116.7,1
85,24,0,1,0,0,9.1,0
85,25,8,0,0,0,69.6,0
85,26,6,2,1,0,42.6,1
85,27,2,1,0,2,29.3,0
85,28,5,0,0,0,89.5,0
85,29,0,1,0,0,25.6,0
85,30,8,1,0,0,55.7,1
85,31,2,0,0,0,135.1,0
85,32,8,2,0,3,90.0,1
85,33,6,2,0,0,88.9,1
85,34,2,0,0,2,100.8,0
85,35,5,2,0,0,83.2,1
85,36,8,1,0,0,87.0,1
85,37,0,0,0,0,19.1,0
85,38,5,2,1,0,37.4,1
85,39,3,0,0,0,25.8,1
85,40,3,0,0,0,133.8,0
85,41,8,2,0,0,94.3,0
85,42,8,2,0,0,56.6,1
85,43,0,0,0,0,63.8,0
85,44,3,2,0,0,48.6,0
85,45,8,2,1,0,62.4,1
85,46,1,1,0,0,22.2,0
85,47,4,1,0,0,73.7,1
85,48,4,2,1,0,119.7,1
85,49,8,2,0,0,112.0,1
85,50,4,1,0,0,74.3,1
85,51,6,1,0,0,86.9,1
85,52,1,1,0,1,41.1,0
85,53,5,0,0,0,65.9,0
85,54,8,2,0,1,57.6,1
85,55,3,1,0,0,28.0,0
85,56,3,0,0,0,39.2,0
85,57,0,1,0,0,38.9,0
85,58,7,1,0,0,127.9,0
85,59,6,0,1,0,119.0,0
85,60,6,2,0,3,156.9,1
86,1,5,0,0,0,84.1,1
86,2,6,1,0,1,106.5,0
86,3,0,0,0,2,2.9,1
86,4,5,1,0,0,87.8,1
86,5,6,2,0,0,128.1,1
86,6,2,0,0,0,65.6,0
86,7,8,2,0,3,82.5,1
86,8,6,2,0,0,93.3,1
86,9,5,1,0,3,77.1,1
86,10,8,1,0,0,72.2,1
86,11,1,0,0,0,127.3,0
86,12,0,0,1,1,62.9,1
86,13,3,1,0,0,108.0,0
86,14,5,0,0,0,51.1,0
86,15,0,0,0,3,2.9,1
86,16,1,0,0,0,58.4,0
86,17,7,1,0,0,39.7,1
86,18,1,0,0,0,55.0,0
86,19,3,0,1,0,80.7,1
86,20,6,1,0,0,97.2,1
86,21,2,0,0,0,100.2,0
86,22,8,2,1,0,57.6,1
86,23,7,2,0,2,57.9,1
86,24,8,1,0,0,66.2,0
86,25,6,1,1,0,236.2,0
86,26,7,2,0,3,129.9,1
86,27,2,0,0,2,64.8,0
86,28,6,0,1,0,57.8,1
86,29,7,2,0,0,78.8,0
86,30,3,1,0,0,48.3,0
86,31,3,1,1,0,27.4,0
86,32,6,0,1,0,52.8,1
86,33,1,1,0,0,64.1,1
86,34,4,1,0,3,33.6,1
86,35,8,1,0,0,93.9,1
86,36,3,0,0,0,32.8,0
86,37,2,0,1,0,18.9,0
86,38,3,1,0,0,99.8,0
86,39,7,2,0,0,103.3,1
86,40,6,1,0,0,41.7,1
86,41,1,0,0,0,22.8,0
86,42,6,2,0,0,67.6,1
86,43,0,0,0,0,57.0,0
86,44,0,0,1,0,33.8,0
86,45,8,2,0,1,99.8,1
86,46,5,1,0,0,27.6,1
86,47,6,2,0,0,54.6,1
86,48,3,1,0,0,45.2,0
86,49,8,2,0,0,156.6,1
86,50,0,0,0,0,25.6,1
86,51,7,2,0,0,51.2,1
86,52,8,1,0,0,55.3,1
86,53,2,1,0,0,38.9,0
86,54,8,1,0,0,168.1,1
86,55,7,2,0,0,60.1,1
86,56,0,0,0,0,89.4,0
86,57,8,1,0,1,92.4,1
86,58,7,2,1,0,194.7,1
86,59,7,2,0,0,55.5,1
86,60,7,2,0,0,102.3,1
87,1,5,1,0,0,105.8,1
87,2,8,2,1,3,95.6,1
87,3,8,2,0,0,92.8,1
87,4,1,1,0,0,76.1,0
87,5,7,2,0,0,86.7,1
87,6,1,0,0,3,79.1,1
87,7,8,2,1,1,46.8,0
87,8,8,1,0,0,107.0,1
87,9,8,1,0,0,74.5,1
87,10,0,1,0,0,17.6,1
87,11,0,0,0,0,85.4,0
87,12,0,0,0,0,112.9,0
87,13,0,0,0,0,27.3,0
87,14,8,2,0,0,99.3,1
87,15,6,2,0,0,59.1,1
87,16,5,1,0,0,67.0,0
87,17,3,1,0,0,38.3,0
87,18,1,1,0,0,72.6,0
87,19,5,1,1,0,54.1,0
87,20,1,0,0,0,125.1,0
87,21,4,1,1,0,61.6,0
87,22,4,0,0,0,40.3,0
87,23,4,2,0,0,64.7,1
87,24,0,0,0,0,24.3,1
87,25,2,0,0,0,55.4,0
87,26,4,2,0,3,116.3,1
87,27,2,1,0,0,54.0,0
87,28,7,1,0,0,128.7,0
87,29,3,1,1,1,98.1,1
87,30,1,0,0,0,35.5,1
87,31,6,2,0,0,47.5,0
87,32,2,0,0,3,107.6,1
87,33,2,0,0,0,66.1,0
87,34,1,1,0,0,61.3,1
87,35,7,1,0,0,139.2,0
87,36,5,0,0,0,41.0,1
87,37,1,1,0,0,28.0,1
87,38,7,2,1,0,135.1,1
87,39,6,2,1,0,114.6,1
87,40,7,2,0,0,44.8,1
87,41,2,0,0,0,129.3,0
87,42,0,0,0,2,37.8,1
87,43,8,1,1,0,57.7,0
87,44,5,0,0,0,145.7,0
87,45,4,0,0,0,121.5,0
87,46,5,1,0,0,66.0,1
87,47,4,1,0,0,97.8,1
87,48,1,1,0,0,29.8,0
87,49,3,1,0,0,69.1,0
87,50,3,0,0,0,24.1,0
87,51,0,0,0,0,67.8,1
87,52,3,0,1,0,71.4,0
87,53,2,0,0,0,26.2,0
87,54,1,0,0,0,150.4,0
87,55,6,1,0,0,80.9,0
87,56,0,0,0,0,45.4,0
87,57,1,1,0,0,55.5,1
87,58,0,0,0,0,53.6,0
87,59,1,0,0,0,61.1,0
87,60,6,2,0,0,59.4,1
88,1,3,0,0,0,53.3,0
88,2,4,0,0,0,41.9,0
88,3,8,2,0,0,116.3,1
88,4,8,2,1,0,90.9,0
88,5,6,2,0,0,46.5,0
88,6,0,1,0,2,89.5,0
88,7,4,1,0,0,74.1,0
88,8,7,2,0,0,75.6,0
88,9,1,0,0,0,38.4,0
88,10,2,0,0,0,32.9,0
88,11,3,1,0,0,58.8,0
88,12,7,2,0,0,52.1,0
88,13,2,0,0,0,116.3,0
88,14,4,1,0,0,151.5,0
88,15,4,2,0,0,54.1,0
88,16,7,2,0,0,103.2,1
88,17,7,2,0,0,85.1,1
88,18,2,1,0,0,44.6,0
88,19,0,0,0,0,32.0,0
88,20,5,1,0,0,43.3,1
88,21,2,1,0,0,58.6,0
88,22,3,1,0,0,73.0,1
88,23,1,0,0,0,66.6,0
88,24,5,1,0,0,41.8,1
88,25,1,0,0,0,78.0,0
88,26,0,0,0,0,28.4,0
88,27,1,0,0,0,47.5,0
88,28,8,2,1,3,63.7,1
88,29,4,0,0,0,85.9,0
88,30,4,1,0,0,96.2,1
88,31,6,0,0,0,68.5,0
88,32,4,2,0,0,74.3,1
88,33,1,0,0,0,77.2,0
88,34,1,0,0,0,57.5,0
88,35,3,0,0,0,27.8,0
88,36,8,2,1,0,111.5,1
88,37,5,2,0,0,48.9,0
88,38,3,2,0,0,143.2,0
88,39,6,2,0,0,47.4,0
88,40,3,0,0,0,21.7,0
88,41,3,1,0,0,107.2,0
88,42,0,0,0,0,80.1,0
88,43,0,0,0,2,75.7,0
88,44,0,0,0,0,38.1,0
88,45,7,1,0,0,64.8,0
88,46,2,0,0,0,24.2,0
88,47,1,0,0,0,14.2,0
88,48,7,2,0,0,72.9,1
88,49,5,0,0,0,116.8,0
88,50,4,1,0,0,41.5,0
88,51,1,0,0,0,40.8,1
88,52,8,1,0,0,72.3,0
88,53,3,1,0,0,145.0,0
88,54,6,1,0,0,47.9,0
88,55,3,1,0,0,26.4,1
88,56,1,0,0,0,102.2,0
88,57,1,1,0,0,40.3,0
88,58,4,1,0,0,112.6,0
88,59,5,1,0,0,37.8,0
88,60,8,1,0,0,45.1,1
89,1,3,0,1,2,46.6,1
89,2,6,2,1,0,68.6,1
89,3,6,2,0,3,49.2,1
89,4,0,0,0,0,25.4,0
89,5,3,0,0,1,79.7,0
89,6,5,2,0,3,82.7,1
89,7,2,0,0,0,14.8,0
89,8,5,1,0,0,28.4,0
89,9,2,0,0,0,41.8,0
89,10,5,0,0,0,46.8,0
89,11,3,0,0,0,72.1,0
89,12,8,2,1,0,111.4,1
89,13,0,0,0,0,44.8,0
89,14,6,1,0,3,85.9,1
89,15,5,2,1,0,29.5,1
89,16,7,2,0,0,143.5,0
89,17,8,1,0,0,90.8,0
89,18,0,0,0,3,35.9,1
89,19,5,2,0,2,52.9,1
89,20,7,1,0,0,89.2,0
89,21,2,0,0,3,83.3,0
89,22,5,1,0,2,79.0,0
89,23,0,0,0,0,87.7,0
89,24,6,0,0,2,39.4,1
89,25,8,1,1,0,112.8,0
89,26,5,0,0,0,38.3,0
89,27,3,1,0,0,98.1,1
89,28,7,2,0,3,78.2,1
89,29,7,1,0,0,79.2,1
89,30,1,0,0,0,59.5,0
89,31,1,1,0,0,62.0,0
89,32,7,1,0,0,106.5,1
89,33,8,1,0,1,75.5,0
89,34,4,1,0,0,70.3,0
89,35,4,1,1,0,99.8,1
89,36,2,0,0,0,54.2,0
89,37,5,0,0,0,37.7,1
89,38,7,1,0,0,119.2,1
89,39,2,0,0,0,21.5,0
89,40,5,2,0,0,82.5,0
89,41,1,0,0,0,42.6,1
89,42,6,1,0,0,108.6,1
89,43,4,1,0,0,29.8,1
89,44,3,1,0,0,81.3,0
89,45,5,1,0,3,36.4,1
89,46,5,1,0,1,36.2,1
89,47,5,1,0,1,46.1,1
89,48,7,2,1,0,49.3,1
89,49,6,1,0,2,83.1,1
89,50,5,1,0,0,42.7,1
89,51,6,0,0,0,61.7,1
89,52,0,0,0,0,36.9,0
89,53,8,2,0,0,110.3,1
89,54,5,1,0,0,84.9,0
89,55,7,1,0,0,72.5,1
89,56,6,2,0,0,70.9,1
89,57,8,2,0,0,151.4,0
89,58,6,2,0,0,52.0,0
89,59,2,1,0,0,59.6,0
89,60,0,0,0,0,27.9,0
90,1,5,1,0,0,67.1,0
90,2,2,1,0,0,66.2,1
90,3,0,0,0,0,12.3,0
90,4,8,2,0,0,100.8,1
90,5,1,1,0,0,56.2,0
90,6,3,0,0,0,71.4,0
90,7,1,0,0,0,39.0,0
90,8,3,0,1,0,31.2,0
90,9,6,1,0,0,78.5,0
90,10,6,1,1,0,93.5,0
90,11,8,1,1,0,134.0,1
90,12,1,0,0,0,74.6,0
90,13,4,0,0,0,93.8,0
90,14,7,1,0,0,78.9,1
90,15,1,0,0,3,61.4,1
90,16,1,0,1,0,28.5,0
90,17,1,2,0,2,87.4,0
90,18,0,0,0,2,106.8,0
90,19,6,1,0,0,163.8,1
90,20,2,0,0,0,61.4,1
90,21,2,0,0,3,112.8,0
90,22,0,0,0,0,38.2,0
90,23,1,0,0,0,18.4,0
90,24,4,2,0,0,56.8,0
90,25,3,0,0,0,47.6,1
90,26,2,1,0,0,63.0,1
90,27,2,0,0,0,43.5,0
90,28,6,2,0,0,129.2,0
90,29,6,1,0,0,48.8,1
90,30,6,2,0,0,82.6,1
90,31,2,0,0,2,58.9,0
90,32,3,1,0,0,35.0,0
90,33,7,1,0,0,50.6,0
90,34,8,0,0,0,117.5,0
90,35,3,1,0,0,38.0,0
90,36,6,1,0,0,53.2,0
90,37,6,1,1,0,102.4,1
90,38,0,0,0,3,12.5,1
90,39,7,1,1,0,58.0,1
90,40,2,1,0,3,40.2,1
90,41,0,0,0,0,26.6,0
90,42,8,2,1,0,126.8,1
90,43,4,0,0,0,157.3,0
90,44,2,1,0,0,54.1,1
90,45,4,1,1,0,167.0,1
90,46,1,0,0,0,42.2,0
90,47,3,0,0,0,46.2,0
90,48,1,1,0,0,47.1,0
90,49,0,1,0,0,34.1,0
90,50,8,1,0,0,100.3,1
90,51,7,1,0,1,85.9,1
90,52,2,0,0,0,22.7,0
90,53,5,1,0,0,98.1,1
90,54,1,0,0,0,51.7,0
90,55,5,1,0,0,60.0,0
90,56,7,2,0,0,41.9,1
90,57,2,0,0,0,67.0,0
90,58,8,2,0,0,54.0,1
90,59,5,1,0,0,111.6,0
90,60,7,1,1,0,57.2,1
91,1,7,1,0,0,91.8,1
91,2,6,1,0,0,51.2,1
91,3,2,0,0,0,45.6,0
91,4,3,1,0,1,18.4,1
91,5,5,2,0,0,85.5,1
91,6,5,0,0,0,40.6,1
91,7,2,0,0,0,82.4,0
91,8,3,1,0,1,85.4,1
91,9,4,1,0,0,39.3,0
91,10,0,0,0,0,27.1,0
91,11,4,1,0,0,56.8,1
91,12,3,1,0,0,76.9,0
91,13,4,2,0,0,94.8,1
91,14,5,1,0,0,43.1,0
91,15,7,1,0,0,86.7,1
91,16,5,2,0,0,36.5,0
91,17,6,0,0,2,35.2,1
91,18,0,1,0,0,59.0,0
91,19,5,0,0,0,66.0,0
91,20,3,0,0,0,24.2,0
91,21,8,1,1,1,79.9,1
91,22,3,1,0,0,127.8,0
91,23,2,0,0,0,27.2,0
91,24,5,0,0,0,76.3,0
91,25,0,2,0,2,21.6,1
91,26,6,2,0,0,90.4,1
91,27,4,0,0,2,37.2,0
91,28,6,1,0,2,109.7,0
91,29,8,1,0,3,113.6,0
91,30,3,0,0,2,68.1,0
91,31,8,1,1,0,113.9,0
91,32,1,0,0,0,33.7,1
91,33,0,0,0,0,59.1,0
91,34,4,0,0,0,96.6,1
91,35,2,1,0,3,22.0,1
91,36,2,1,0,0,53.2,1
91,37,7,2,0,0,180.6,1
91,38,1,0,0,0,50.4,0
91,39,0,0,0,3,33.8,1
91,40,6,2,0,1,59.9,1
91,41,1,0,0,0,40.7,0
91,42,0,0,0,0,20.8,0
91,43,1,0,0,0,60.9,0
91,44,8,2,1,3,92.7,1
91,45,6,2,0,0,62.8,0
91,46,3,0,0,2,93.5,0
91,47,0,0,0,0,111.0,0
91,48,6,2,1,0,130.9,1
91,49,5,1,0,1,139.0,1
91,50,5,1,1,0,86.5,0
91,51,4,0,0,2,35.3,0
91,52,6,1,0,0,69.1,0
91,53,1,2,0,0,25.4,0
91,54,2,0,0,0,97.4,0
91,55,5,2,0,0,42.7,0
91,56,3,1,0,0,113.5,1
91,57,0,0,0,3,18.5,0
91,58,7,2,0,0,50.7,0
91,59,4,1,1,0,46.8,0
91,60,6,2,0,2,57.8,1
92,1,6,2,0,0,59.7,1
92,2,5,1,0,0,33.2,0
92,3,3,0,0,1,45.7,0
92,4,6,1,0,0,107.5,0
92,5,6,2,0,0,140.2,1
92,6,0,0,0,0,58.4,0
92,7,6,1,0,0,38.1,0
92,8,7,2,0,0,48.8,1
92,9,5,1,0,0,76.6,0
92,10,3,1,0,0,27.0,0
92,11,3,1,0,0,58.4,0
92,12,5,1,0,0,102.6,0
92,13,5,2,1,4,37.4,1
92,14,6,1,1,0,61.3,0
92,15,3,0,0,0,18.5,0
92,16,5,2,0,0,34.5,0
92,17,5,2,0,0,89.9,1
92,18,7,0,0,0,89.9,1
92,19,7,1,1,0,54.1,0
92,20,1,1,0,0,121.8,0
92,21,0,1,0,3,61.0,0
92,22,2,0,0,0,34.1,0
92,23,7,2,0,0,119.0,1
92,24,5,0,0,0,65.5,0
92,25,5,0,0,0,36.6,0
92,26,8,1,1,0,136.0,0
92,27,1,0,0,0,71.9,0
92,28,1,0,0,0,32.7,0
92,29,0,0,0,0,44.2,0
92,30,6,1,0,0,45.0,0
92,31,7,2,0,1,42.8,1
92,32,0,0,0,1,101.9,1
92,33,6,1,1,0,66.6,1
92,34,1,1,0,3,52.6,1
92,35,5,2,0,1,66.7,0
92,36,2,1,0,3,26.0,1
92,37,5,2,0,1,48.2,1
92,38,6,1,0,0,50.5,1
92,39,8,2,0,1,105.1,1
92,40,1,1,0,0,97.9,0
92,41,1,0,0,0,94.0,0
92,42,2,0,0,0,14.5,0
92,43,2,1,0,0,48.9,1
92,44,7,2,0,0,54.9,0
92,45,0,0,0,0,84.0,0
92,46,5,1,0,0,99.3,0
92,47,2,0,0,0,15.4,0
92,48,0,0,0,0,18.1,0
92,49,1,0,0,0,42.5,0
92,50,1,0,0,0,34.5,0
92,51,3,1,0,0,125.6,0
92,52,5,2,0,3,44.0,1
92,53,3,0,0,0,47.7,0
92,54,2,0,0,0,49.8,0
92,55,0,0,0,0,14.5,0
92,56,5,1,0,0,40.4,1
92,57,7,1,1,0,104.7,1
92,58,1,0,0,3,141.7,0
92,59,8,1,0,0,76.5,1
92,60,3,1,0,0,51.9,1
93,1,5,2,1,0,51.1,1
93,2,4,2,1,0,42.6,1
93,3,1,0,0,0,19.8,0
93,4,6,2,0,0,63.2,1
93,5,5,0,0,0,70.3,0
93,6,3,2,0,0,75.9,0
93,7,1,0,0,0,13.5,0
93,8,4,1,0,0,44.5,0
93,9,5,1,0,0,34.1,0
93,10,5,1,1,2,68.0,1
93,11,2,0,0,2,69.5,0
93,12,8,2,0,0,66.6,0
93,13,3,1,0,0,54.7,0
93,14,5,2,0,0,68.4,0
93,15,5,1,0,0,86.2,0
93,16,2,0,1,0,48.5,0
93,17,7,2,0,0,72.3,1
93,18,8,2,0,2,74.6,0
93,19,7,2,0,0,75.1,1
93,20,6,1,0,0,98.6,0
93,21,1,0,0,0,81.5,0
93,22,1,0,0,0,42.9,0
93,23,2,1,0,0,57.8,0
93,24,6,1,0,0,118.2,1
93,25,5,1,0,0,38.2,1
93,26,8,1,0,0,100.2,1
93,27,6,2,0,3,94.0,1
93,28,1,0,0,0,12.2,0
93,29,2,2,0,0,69.3,0
93,30,6,1,0,3,124.7,1
93,31,6,2,0,0,79.2,1
93,32,3,1,0,0,125.3,0
93,33,0,0,0,0,50.3,0
93,34,2,0,0,2,28.9,0
93,35,4,0,1,0,33.2,1
93,36,0,0,0,0,18.9,0
93,37,8,2,1,0,101.5,1
93,38,1,0,0,2,77.6,0
93,39,1,0,0,0,120.6,0
93,40,3,1,0,2,33.0,0
93,41,3,0,0,0,45.0,1
93,42,5,2,0,0,64.0,0
93,43,1,0,0,0,5.9,0
93,44,7,0,0,0,84.2,0
93,45,1,0,0,1,95.1,0
93,46,4,0,0,0,126.0,0
93,47,3,0,0,4,36.9,1
93,48,8,1,0,0,83.0,1
93,49,0,0,0,4,44.5,0
93,50,7,1,0,0,103.2,0
93,51,3,0,0,0,52.6,0
93,52,7,1,0,1,80.4,1
93,53,5,1,0,0,33.5,1
93,54,4,1,1,0,151.1,1
93,55,5,1,0,0,41.7,0
93,56,8,2,0,0,112.3,1
93,57,7,1,1,0,48.9,1
93,58,0,0,0,1,30.7,0
93,59,6,0,0,0,58.3,0
93,60,2,0,0,0,118.6,0
94,1,6,2,0,0,57.6,1
94,2,6,2,1,0,44.5,1
94,3,6,2,0,0,91.3,1
94,4,8,2,0,0,51.8,1
94,5,8,2,0,2,137.0,1
94,6,8,2,0,0,74.7,0
94,7,2,0,0,0,106.4,0
94,8,7,0,0,0,41.6,1
94,9,1,0,0,0,14.0,0
94,10,5,2,0,2,70.1,1
94,11,3,0,0,0,80.0,0
94,12,3,0,0,0,101.7,0
94,13,1,1,0,0,37.6,0
94,14,5,1,0,0,82.0,0
94,15,8,1,0,0,53.2,0
94,16,6,1,0,1,46.5,1
94,17,7,0,1,0,98.2,0
94,18,3,0,0,0,47.9,1
94,19,1,0,0,4,27.8,0
94,20,0,0,0,0,22.5,0
94,21,4,2,0,0,44.4,0
94,22,6,1,0,0,85.2,0
94,23,6,2,1,0,46.7,0
94,24,1,0,0,0,19.4,0
94,25,4,0,0,3,139.4,0
94,26,3,1,0,0,19.2,0
94,27,2,0,0,0,18.5,0
94,28,1,1,0,1,41.6,0
94,29,7,1,1,0,79.1,0
94,30,1,0,0,2,51.9,0
94,31,3,2,0,0,75.6,1
94,32,7,2,1,2,90.2,1
94,33,8,2,0,0,94.7,1
94,34,2,1,0,0,87.2,0
94,35,4,1,0,0,40.7,0
94,36,0,0,0,0,45.5,0
94,37,0,0,0,0,43.4,1
94,38,7,2,1,0,58.8,1
94,39,1,0,0,2,103.9,1
94,40,7,0,0,3,75.8,1
94,41,6,1,0,0,100.5,0
94,42,2,0,0,0,19.3,1
94,43,2,0,0,0,71.9,0
94,44,4,2,0,0,77.5,1
94,45,6,2,0,0,43.5,1
94,46,1,0,0,0,29.4,0
94,47,4,0,1,0,96.6,0
94,48,8,2,0,0,46.5,0
94,49,8,2,0,0,90.7,1
94,50,1,0,0,1,20.1,0
94,51,4,2,0,3,56.8,1
94,52,1,0,0,0,65.3,0
94,53,8,1,0,0,141.5,1
94,54,5,1,0,0,81.4,1
94,55,7,2,0,0,102.2,1
94,56,2,1,0,0,37.6,1
94,57,4,0,0,0,28.7,1
94,58,8,2,0,0,65.6,1
94,59,6,2,0,0,60.7,1
94,60,5,1,0,0,57.0,0
95,1,7,0,0,0,67.6,1
95,2,7,2,0,0,46.5,1
95,3,2,0,0,0,48.7,0
95,4,6,2,0,0,81.0,1
95,5,8,1,0,0,60.7,0
95,6,1,0,1,0,50.9,0
95,7,7,2,0,0,65.0,0
95,8,8,0,1,0,73.1,1
95,9,0,0,0,0,41.2,0
95,10,3,2,1,0,79.9,0
95,11,5,1,1,0,36.4,1
95,12,8,1,0,0,75.4,1
95,13,2,2,0,0,70.4,0
95,14,8,1,0,0,69.4,1
95,15,0,0,0,3,39.9,0
95,16,2,1,1,3,125.8,1
95,17,8,2,0,0,56.2,1
95,18,7,2,0,0,105.8,1
95,19,4,1,0,0,91.0,0
95,20,6,1,0,0,116.0,1
95,21,5,1,0,0,93.8,0
95,22,3,1,0,3,44.7,0
95,23,0,0,0,2,22.6,0
95,24,3,1,0,0,115.9,1
95,25,5,2,1,0,37.6,1
95,26,3,1,0,0,22.4,1
95,27,3,0,1,0,44.2,0
95,28,7,2,0,1,99.4,1
95,29,6,0,1,0,63.9,0
95,30,1,1,0,0,137.9,0
95,31,8,1,0,0,66.6,0
95,32,4,1,1,0,81.2,0
95,33,2,1,0,0,97.0,1
95,34,2,1,0,0,75.9,1
95,35,2,0,0,0,54.8,0
95,36,2,0,0,0,40.2,0
95,37,1,0,0,1,77.5,0
95,38,2,0,0,0,23.1,0
95,39,0,0,0,0,31.4,0
95,40,4,1,1,0,35.5,1
95,41,1,0,0,0,21.9,0
95,42,4,1,0,0,56.5,0
95,43,2,0,0,0,51.8,0
95,44,3,0,0,0,33.0,0
95,45,3,0,0,0,47.4,0
95,46,1,0,0,0,134.6,0
95,47,0,0,0,2,14.3,0
95,48,8,1,0,1,57.4,0
95,49,3,2,0,0,26.2,1
95,50,4,0,0,0,66.2,0
95,51,4,0,0,0,100.1,0
95,52,7,1,0,0,70.0,0
95,53,0,0,0,4,40.5,0
95,54,5,2,0,0,95.1,1
95,55,7,2,0,0,166.8,1
95,56,6,1,0,0,56.3,1
95,57,3,0,0,0,37.0,0
95,58,2,0,0,0,101.4,0
95,59,1,0,0,0,135.7,0
95,60,5,0,1,0,39.4,0
96,1,3,0,0,0,47.8,0
96,2,7,2,0,1,48.8,1
96,3,3,2,0,0,70.8,0
96,4,5,1,1,0,59.7,0
96,5,3,2,0,0,31.2,0
96,6,0,0,0,0,88.0,1
96,7,2,0,0,0,29.4,0
96,8,6,2,1,0,123.8,1
96,9,2,1,1,0,72.1,0
96,10,3,0,0,0,38.4,0
96,11,5,1,0,0,115.2,0
96,12,8,2,0,0,69.2,0
96,13,2,0,0,0,19.6,0
96,14,5,1,0,0,71.4,0
96,15,5,2,0,3,81.3,1
96,16,5,0,0,0,90.8,1
96,17,1,0,0,0,79.2,0
96,18,1,0,0,0,56.8,0
96,19,1,0,0,0,156.3,0
96,20,5,1,0,0,49.2,1
96,21,4,0,0,0,45.0,0
96,22,3,0,0,0,72.1,0
96,23,0,0,0,0,25.9,0
96,24,1,1,0,0,63.3,0
96,25,6,2,0,0,52.9,1
96,26,4,1,0,0,73.7,0
96,27,1,0,0,0,52.6,0
96,28,0,0,0,0,80.9,0
96,29,3,0,0,0,25.8,0
96,30,8,1,1,0,145.4,1
96,31,7,2,0,0,77.5,1
96,32,7,1,0,0,97.0,1
96,33,2,2,0,2,65.1,1
96,34,6,1,1,0,60.1,0
96,35,4,1,0,0,67.4,1
96,36,4,2,0,1,31.8,1
96,37,2,0,0,0,58.8,0
96,38,7,2,0,1,99.0,1
96,39,2,1,0,0,32.6,1
96,40,6,1,0,0,64.8,1
96,41,6,2,0,0,53.6,1
96,42,8,2,0,0,120.9,1
96,43,7,2,0,0,90.4,1
96,44,4,1,0,0,29.5,1
96,45,2,1,0,2,54.9,1
96,46,7,2,0,1,73.4,1
96,47,3,2,0,3,29.3,1
96,48,5,1,0,0,70.9,0
96,49,4,1,0,0,34.4,0
96,50,5,0,0,1,37.4,1
96,51,1,0,0,0,33.9,1
96,52,6,1,1,0,78.6,1
96,53,6,2,0,0,61.9,1
96,54,7,2,0,0,153.3,1
96,55,4,1,0,3,35.3,1
96,56,0,0,1,0,9.9,0
96,57,7,1,0,0,143.7,0
96,58,6,1,0,0,84.0,0
96,59,8,2,0,0,53.9,1
96,60,4,1,0,0,21.8,1
97,1,6,1,0,0,97.2,0
97,2,4,1,0,0,38.1,1
97,3,6,1,0,2,59.0,1
97,4,7,1,1,0,80.8,0
97,5,8,1,0,0,68.7,0
97,6,2,0,0,0,72.9,0
97,7,1,2,0,0,27.5,0
97,8,8,2,1,0,54.1,1
97,9,7,2,0,0,48.7,1
97,10,1,0,0,0,71.7,0
97,11,8,2,0,0,92.2,1
97,12,4,0,1,0,105.1,0
97,13,7,1,1,0,99.5,0
97,14,8,2,0,0,58.0,1
97,15,2,0,0,2,41.0,0
97,16,6,2,0,0,50.5,1
97,17,6,2,0,3,53.4,1
97,18,8,2,0,0,95.3,1
97,19,0,0,0,2,142.4,0
97,20,4,1,0,0,145.4,0
97,21,8,2,0,0,64.2,1
97,22,7,2,0,0,55.2,0
97,23,2,1,0,0,26.5,0
97,24,2,1,0,0,111.6,0
97,25,0,0,0,2,47.8,1
97,26,1,0,0,0,29.3,0
97,27,4,2,1,0,80.7,1
97,28,1,1,0,1,27.7,1
97,29,4,1,0,0,40.0,1
97,30,3,0,1,0,64.0,1
97,31,5,0,0,0,39.6,0
97,32,2,2,1,0,33.0,1
97,33,7,1,1,0,49.8,0
97,34,7,1,0,0,54.2,1
97,35,6,0,0,0,54.2,0
97,36,8,1,0,2,69.7,1
97,37,1,0,0,2,14.8,0
97,38,3,1,1,0,71.7,1
97,39,4,2,0,0,30.8,1
97,40,5,2,0,0,37.3,1
97,41,7,2,1,0,96.3,1
97,42,6,0,0,0,41.1,0
97,43,4,2,0,0,56.7,0
97,44,7,1,1,0,113.9,1
97,45,6,1,0,0,84.3,1
97,46,0,0,0,2,7.1,0
97,47,1,0,0,0,62.8,0
97,48,3,0,0,0,43.2,1
97,49,4,0,0,1,49.3,0
97,50,4,1,0,0,40.2,1
97,51,0,0,0,0,9.7,0
97,52,8,2,0,0,84.1,1
97,53,6,1,0,0,120.4,0
97,54,8,2,0,0,151.4,1
97,55,3,0,0,0,87.4,0
97,56,4,2,0,3,52.2,1
97,57,7,2,0,3,65.9,1
97,58,6,1,0,0,99.9,1
97,59,4,1,0,0,24.0,0
97,60,0,0,0,2,36.9,0
98,1,7,2,0,0,87.1,1
98,2,3,1,0,3,57.9,0
98,3,8,2,0,3,63.3,1
98,4,0,0,0,0,6.4,0
98,5,5,2,0,0,65.2,0
98,6,8,1,0,1,79.7,0
98,7,1,0,0,0,53.2,0
98,8,0,0,0,0,110.5,0
98,9,1,0,0,0,42.0,0
98,10,0,0,0,0,27.6,0
98,11,4,1,0,0,78.6,1
98,12,3,2,0,0,64.1,0
98,13,5,1,0,0,122.7,0
98,14,6,1,0,0,131.2,1
98,15,0,1,0,1,59.9,0
98,16,0,0,0,0,40.3,0
98,17,7,1,0,1,73.2,0
98,18,8,2,1,0,51.7,1
98,19,3,1,0,0,63.6,0
98,20,2,2,0,0,48.6,1
98,21,6,2,0,0,61.6,0
98,22,7,1,0,0,83.9,1
98,23,4,1,0,0,56.4,0
98,24,6,2,0,0,111.8,0
98,25,8,1,0,2,76.7,1
98,26,2,0,0,0,76.5,0
98,27,5,1,0,0,57.5,1
98,28,5,0,0,0,60.7,1
98,29,2,1,0,2,60.5,1
98,30,5,0,1,0,88.7,0
98,31,7,1,0,0,49.4,0
98,32,8,2,0,0,86.6,1
98,33,4,2,0,0,48.0,0
98,34,1,0,0,0,92.7,0
98,35,8,2,0,0,162.9,1
98,36,2,0,0,0,79.5,0
98,37,2,0,0,0,23.6,0
98,38,6,1,0,0,108.6,1
98,39,2,0,0,0,28.4,0
98,40,5,2,1,2,48.1,1
98,41,2,0,0,0,32.3,0
98,42,7,1,1,0,109.5,0
98,43,0,0,0,0,18.4,0
98,44,1,0,0,0,51.8,0
98,45,7,1,1,0,76.0,0
98,46,0,0,0,0,47.7,0
98,47,5,1,0,0,93.7,0
98,48,5,1,0,0,175.0,0
98,49,3,0,0,0,190.1,0
98,50,4,1,0,0,65.9,0
98,51,2,0,0,1,136.3,0
98,52,8,2,0,0,64.3,1
98,53,4,1,0,0,80.9,0
98,54,5,1,1,0,40.5,1
98,55,7,2,1,0,77.8,1
98,56,2,1,0,0,19.6,0
98,57,2,1,0,0,193.2,1
98,58,1,0,0,3,23.9,0
98,59,3,0,0,0,82.5,0
98,60,4,1,0,2,68.3,0
99,1,2,0,0,2,33.0,0
99,2,7,2,0,2,100.7,1
99,3,6,2,1,0,110.5,1
99,4,6,1,1,0,83.9,1
99,5,6,1,0,0,61.9,0
99,6,0,0,0,0,26.2,0
99,7,3,0,0,0,38.1,1
99,8,7,2,0,2,58.5,1
99,9,2,0,0,0,56.6,0
99,10,5,1,0,0,25.8,1
99,11,7,1,0,0,55.9,0
99,12,5,0,0,0,114.6,0
99,13,7,2,0,0,77.6,0
99,14,2,0,0,1,76.4,0
99,15,8,2,1,0,73.3,1
99,16,6,2,1,2,64.5,1
99,17,7,1,0,0,47.8,1
99,18,7,2,0,0,55.7,1
99,19,2,1,0,0,31.4,1
99,20,3,0,0,0,74.1,1
99,21,2,0,0,0,91.0,0
99,22,3,0,0,0,26.8,1
99,23,4,1,0,1,119.1,0
99,24,0,0,0,0,80.4,0
99,25,0,0,0,0,44.5,0
99,26,5,1,0,0,50.5,0
99,27,1,1,0,3,22.1,1
99,28,0,0,0,0,43.1,0
99,29,7,2,0,0,118.7,1
99,30,8,1,0,0,49.7,1
99,31,7,1,0,0,100.0,1
99,32,2,1,0,0,28.1,0
99,33,0,0,0,0,106.7,0
99,34,1,0,0,0,48.2,0
99,35,6,1,0,0,53.2,1
99,36,5,1,0,2,42.9,1
99,37,2,0,0,0,57.9,0
99,38,8,1,0,0,56.6,1
99,39,4,1,0,0,88.3,0
99,40,6,1,1,0,93.1,1
99,41,3,1,0,0,85.7,0
99,42,0,0,0,0,6.1,0
99,43,8,1,0,0,91.4,1
99,44,2,0,0,0,51.1,0
99,45,3,0,0,0,50.7,0
99,46,5,1,0,0,158.7,0
99,47,2,0,0,0,19.2,0
99,48,5,1,1,0,128.9,0
99,49,7,2,0,0,73.8,0
99,50,7,1,0,0,76.2,1
99,51,6,1,0,0,62.1,0
99,52,8,1,0,0,96.7,0
99,53,5,1,1,0,125.2,1
99,54,7,1,0,0,71.9,1
99,55,8,2,0,0,57.3,1
99,56,5,1,0,0,67.5,1
99,57,0,0,0,0,21.4,0
99,58,7,2,0,0,74.2,1
99,59,7,0,0,0,60.6,0
99,60,3,0,0,3,31.1,0
100,1,2,1,0,0,40.7,0
100,2,1,0,0,0,35.6,0
100,3,3,1,1,0,32.3,1
100,4,1,0,0,0,59.0,0
100,5,7,2,0,0,67.5,0
100,6,0,0,0,0,59.4,0
100,7,0,0,0,0,44.6,0
100,8,6,2,0,0,102.6,1
100,9,0,0,0,0,82.5,1
100,10,0,1,0,0,86.8,0
100,11,0,0,0,0,15.3,0
100,12,4,0,0,2,24.7,0
100,13,7,2,0,0,71.9,0
100,14,7,1,0,0,61.4,0
100,15,2,2,0,0,76.9,0
100,16,8,2,1,0,57.3,1
100,17,4,1,0,1,30.4,0
100,18,4,1,0,0,65.4,0
100,19,0,0,0,1,36.6,0
100,20,3,1,0,0,45.2,0
100,21,7,2,1,0,63.1,1
100,22,0,0,1,0,108.8,0
100,23,6,2,0,0,42.7,1
100,24,2,0,0,0,42.1,0
100,25,8,1,0,3,332.3,1
100,26,5,0,0,0,61.6,0
100,27,5,0,1,0,49.5,1
100,28,6,0,0,0,96.9,0
100,29,6,2,0,0,65.2,1
100,30,6,1,0,0,141.5,1
100,31,0,0,0,0,44.9,0
100,32,0,0,0,0,83.7,0
100,33,7,2,1,0,51.5,0
100,34,3,1,0,0,94.5,0
100,35,3,1,0,0,43.8,0
100,36,8,1,0,2,50.9,1
100,37,2,1,0,0,22.3,0
100,38,4,0,0,0,66.4,0
100,39,7,1,0,0,82.6,1
100,40,3,2,0,0,23.9,0
100,41,4,0,0,0,75.1,0
100,42,1,0,0,0,21.6,0
100,43,4,1,1,0,76.6,0
100,44,2,1,0,0,23.1,1
100,45,7,2,0,0,96.7,0
100,46,2,1,0,3,26.1,1
100,47,8,2,0,0,101.3,1
100,48,6,1,0,3,60.7,1
100,49,8,2,0,0,169.4,1
100,50,4,0,0,0,73.2,0
100,51,8,2,1,0,106.4,1
100,52,6,1,0,2,31.7,1
100,53,1,0,0,0,49.4,0
100,54,0,0,0,0,81.1,0
100,55,2,1,0,0,25.2,0
100,56,6,2,0,0,138.7,1
100,57,4,1,0,0,57.9,1
100,58,3,0,0,0,54.1,0
100,59,5,1,0,0,49.8,1
100,60,6,1,0,0,44.2,1
101,1,2,0,0,0,31.8,0
101,2,6,1,0,2,145.8,1
101,3,0,1,0,0,50.4,0
101,4,3,2,0,0,66.9,1
101,5,6,2,0,0,55.7,0
101,6,8,2,0,0,59.5,0
101,7,6,2,1,0,68.6,1
101,8,6,1,0,0,41.5,1
101,9,7,2,1,0,50.7,0
101,10,3,0,0,0,29.2,0
101,11,5,1,0,0,62.0,1
101,12,1,0,0,0,48.6,0
101,13,8,1,0,0,100.9,1
101,14,6,1,0,2,35.1,1
101,15,8,1,0,0,56.4,0
101,16,0,0,0,0,27.9,0
101,17,8,2,0,0,76.3,1
101,18,3,1,0,0,91.5,0
101,19,4,0,0,0,88.3,0
101,20,6,2,0,0,144.1,1
101,21,7,0,0,0,53.7,0
101,22,5,1,0,0,72.5,0
101,23,1,1,0,0,80.5,0
101,24,5,2,1,0,36.3,1
101,25,0,0,0,0,29.4,0
101,26,2,0,0,2,69.1,0
101,27,4,2,0,0,47.2,0
101,28,4,0,1,0,35.3,0
101,29,7,1,0,0,84.2,0
101,30,2,1,0,0,61.1,1
101,31,7,1,0,0,105.5,1
101,32,3,0,0,0,16.7,0
101,33,0,0,0,0,1.6,1
101,34,2,2,0,0,27.8,0
101,35,1,1,0,0,35.0,1
101,36,1,1,0,3,72.8,0
101,37,7,2,0,0,213.0,1
101,38,7,2,0,0,71.7,1
101,39,4,0,1,0,45.7,0
101,40,3,1,0,0,74.6,0
101,41,4,2,0,0,149.0,1
101,42,3,0,0,0,84.8,0
101,43,3,0,1,0,55.9,0
101,44,2,0,0,0,22.6,0
101,45,6,0,0,0,39.2,0
101,46,0,0,0,1,36.5,0
101,47,3,2,0,0,39.6,1
101,48,6,1,0,0,93.6,0
101,49,7,1,1,0,63.3,1
101,50,1,1,0,0,36.7,0
101,51,4,1,0,0,61.6,0
101,52,4,2,0,0,92.5,1
101,53,1,0,0,0,29.9,0
101,54,1,1,0,0,24.7,0
101,55,8,1,0,0,94.2,0
101,56,4,1,0,0,58.4,0
101,57,7,2,0,0,72.4,1
101,58,2,0,0,3,135.6,0
101,59,7,2,0,0,61.1,1
101,60,8,2,1,0,83.0,1
102,1,0,0,0,0,82.9,0
102,2,3,0,0,0,20.6,0
102,3,4,0,0,0,110.5,0
102,4,5,0,0,0,122.1,0
102,5,2,0,1,0,139.4,0
102,6,3,2,0,0,44.1,0
102,7,4,0,0,0,43.8,0
102,8,2,0,0,0,96.6,1
102,9,3,1,0,0,74.3,0
102,10,3,1,0,0,80.9,0
102,11,2,1,0,0,50.9,0
102,12,0,0,0,0,31.7,0
102,13,7,2,1,0,87.3,1
102,14,0,0,0,0,42.7,0
102,15,4,1,0,0,50.2,0
102,16,0,0,0,2,26.0,0
102,17,7,2,0,0,57.0,0
102,18,3,2,0,0,36.1,0
102,19,3,0,0,0,71.1,0
102,20,2,0,0,0,45.1,0
102,21,8,1,0,0,69.5,1
102,22,2,0,0,0,72.5,0
102,23,1,0,0,0,33.3,0
102,24,1,1,0,1,33.5,0
102,25,8,2,0,0,59.4,1
102,26,3,1,0,0,21.6,1
102,27,7,2,0,0,58.1,1
102,28,5,0,0,0,135.5,0
102,29,7,2,0,0,60.9,1
102,30,6,0,0,0,35.0,1
102,31,8,2,0,0,141.8,1
102,32,1,0,0,0,53.0,0
102,33,6,2,0,3,53.1,1
102,34,1,0,0,0,34.5,0
102,35,1,0,0,0,12.5,1
102,36,0,0,0,0,40.4,0
102,37,2,0,0,0,61.3,1
102,38,8,2,0,0,85.4,1
102,39,8,2,0,0,64.3,1
102,40,0,0,0,0,85.1,0
102,41,2,0,0,0,47.1,0
102,42,1,0,0,0,51.2,0
102,43,6,2,0,0,64.9,1
102,44,8,1,0,0,111.6,1
102,45,7,2,0,3,92.2,1
102,46,2,0,0,0,18.4,0
102,47,1,0,0,0,18.9,0
102,48,3,0,0,0,127.1,0
102,49,2,1,0,0,114.8,0
102,50,5,1,0,2,64.3,1
102,51,2,1,0,0,71.0,0
102,52,8,1,0,0,75.2,1
102,53,8,2,0,0,144.2,1
102,54,0,0,0,0,44.9,0
102,55,3,0,0,0,98.1,0
102,56,8,0,1,0,81.8,0
102,57,2,1,0,0,23.9,1
102,58,1,0,0,0,19.9,0
102,59,5,0,0,0,73.4,0
102,60,5,1,0,0,132.7,0
103,1,0,1,0,1,74.0,1
103,2,0,0,0,0,61.8,0
103,3,2,0,0,1,34.8,0
103,4,3,1,0,0,31.4,0
103,5,2,1,1,1,33.5,1
103,6,6,2,0,0,37.8,1
103,7,4,0,0,0,52.8,0
103,8,6,2,0,2,107.1,1
103,9,3,0,0,0,49.7,0
103,10,5,2,1,0,104.4,0
103,11,0,0,0,0,23.8,0
103,12,7,0,0,0,42.3,1
103,13,8,1,1,0,123.3,0
103,14,1,0,1,0,30.6,0
103,15,7,2,0,0,122.0,1
103,16,2,1,0,0,116.6,0
103,17,2,1,1,0,42.0,1
103,18,4,1,0,0,42.5,0
103,19,8,1,0,2,51.4,1
103,20,0,0,0,1,42.0,0
103,21,6,2,0,0,113.0,1
103,22,6,2,1,0,79.3,1
103,23,6,2,1,2,65.3,1
103,24,8,1,0,0,66.9,1
103,25,2,0,0,0,56.3,0
103,26,7,1,0,1,57.9,1
103,27,1,2,1,2,124.7,1
103,28,1,0,0,2,26.2,0
103,29,7,1,0,0,119.0,1
103,30,7,2,1,0,160.8,1
103,31,7,1,0,0,122.5,1
103,32,0,0,0,0,12.7,0
103,33,4,1,0,0,58.3,1
103,34,5,2,0,0,78.9,0
103,35,8,2,0,0,181.6,1
103,36,0,0,0,0,102.3,0
103,37,7,2,0,3,103.8,1
103,38,2,0,0,0,18.3,0
103,39,8,1,0,0,88.2,1
103,40,8,1,0,0,47.7,1
103,41,1,1,1,2,36.1,1
103,42,3,1,0,0,142.6,0
103,43,1,1,0,3,15.8,0
103,44,4,1,0,0,94.5,0
103,45,0,0,0,2,94.1,0
103,46,5,1,0,0,92.8,1
103,47,4,0,0,0,82.2,0
103,48,1,0,0,2,43.1,0
103,49,6,1,0,0,54.5,0
103,50,4,0,0,0,93.4,0
103,51,2,0,0,2,33.0,0
103,52,1,0,0,0,53.3,0
103,53,6,2,0,0,48.6,0
103,54,2,0,0,0,57.1,1
103,55,5,1,0,0,69.4,0
103,56,4,1,0,0,129.9,1
103,57,0,1,0,0,68.5,1
103,58,8,2,0,2,95.4,1
103,59,7,1,0,0,75.9,0
103,60,7,2,1,3,156.6,1
104,1,0,0,0,0,80.1,0
104,2,5,1,1,0,90.5,1
104,3,3,1,0,0,29.9,0
104,4,0,1,0,3,45.2,1
104,5,5,2,0,3,97.6,1
104,6,5,0,0,0,41.6,0
104,7,6,2,0,0,173.6,1
104,8,4,2,1,2,54.5,0
104,9,2,0,0,1,130.1,1
104,10,0,0,0,0,11.8,0
104,11,2,0,0,0,79.0,0
104,12,6,1,0,0,94.1,0
104,13,4,0,0,0,81.0,0
104,14,4,2,0,0,45.9,1
104,15,2,0,0,0,73.9,0
104,16,2,0,0,0,16.5,0
104,17,4,0,0,0,100.9,0
104,18,7,1,1,3,73.9,1
104,19,2,0,0,0,20.8,0
104,20,2,0,0,0,51.1,0
104,21,0,0,0,0,28.7,1
104,22,1,0,0,0,60.1,1
104,23,1,0,0,0,61.6,0
104,24,3,1,0,0,66.9,0
104,25,5,0,1,0,74.8,0
104,26,3,0,0,0,50.9,1
104,27,3,0,0,0,18.8,0
104,28,3,0,0,0,48.1,0
104,29,7,1,0,0,53.9,0
104,30,6,1,0,0,46.7,1
104,31,4,1,0,0,43.2,0
104,32,8,1,0,0,75.5,0
104,33,2,0,0,0,58.5,0
104,34,3,0,1,0,35.7,0
104,35,2,0,0,0,69.7,0
104,36,4,2,0,0,107.5,0
104,37,6,2,0,0,117.5,0
104,38,6,1,1,0,92.4,0
104,39,3,1,0,0,20.1,1
104,40,6,1,0,0,73.3,1
104,41,7,2,0,0,40.9,1
104,42,8,1,0,0,75.2,0
104,43,0,0,0,3,86.6,0
104,44,4,2,0,0,120.1,0
104,45,2,2,0,0,47.0,0
104,46,6,1,0,0,107.1,1
104,47,4,0,0,0,89.3,0
104,48,1,0,0,0,25.3,0
104,49,8,2,0,2,55.2,1
104,50,3,1,0,0,80.8,0
104,51,3,1,1,0,58.7,0
104,52,1,0,0,0,77.8,0
104,53,3,0,0,0,29.6,0
104,54,1,0,0,0,62.2,0
104,55,5,2,0,0,38.2,1
104,56,8,1,0,2,66.6,1
104,57,1,0,0,0,118.7,0
104,58,5,1,0,0,49.3,0
104,59,6,1,1,0,58.3,1
104,60,1,1,0,0,69.7,0
105,1,4,1,0,0,28.0,1
105,2,5,2,0,0,45.5,1
105,3,7,2,0,0,49.0,1
105,4,0,0,0,0,25.4,0
105,5,8,2,0,0,133.1,1
105,6,2,1,0,3,33.1,0
105,7,5,0,0,0,119.2,1
105,8,6,2,0,0,136.1,0
105,9,8,2,0,0,156.7,1
105,10,0,0,0,0,65.0,0
105,11,4,1,0,0,113.7,1
105,12,8,1,0,0,126.8,1
105,13,0,0,0,0,24.8,0
105,14,4,0,0,0,86.2,0
105,15,1,0,0,0,16.4,0
105,16,0,0,0,0,63.4,0
105,17,2,0,0,2,32.5,1
105,18,0,0,0,0,12.9,0
105,19,1,0,1,0,91.5,0
105,20,0,0,0,0,39.8,0
105,21,5,1,1,0,67.8,0
105,22,6,2,0,0,118.4,0
105,23,1,0,0,0,49.0,0
105,24,3,1,0,0,93.4,1
105,25,7,2,1,0,83.3,1
105,26,5,1,0,0,37.7,1
105,27,8,0,1,3,85.7,1
105,28,7,2,0,3,91.3,1
105,29,0,0,0,3,50.4,0
105,30,0,0,0,2,36.8,1
105,31,7,1,0,0,114.3,0
105,32,1,0,0,0,50.6,0
105,33,4,0,1,0,39.6,0
105,34,8,2,1,0,110.1,1
105,35,0,0,0,2,38.7,0
105,36,7,2,1,2,119.3,1
105,37,3,1,0,0,57.6,0
105,38,2,0,0,0,56.4,0
105,39,1,0,0,2,110.5,1
105,40,5,2,0,0,60.1,1
105,41,7,1,0,0,105.3,1
105,42,0,0,0,0,54.1,0
105,43,7,2,0,4,51.8,1
105,44,5,1,0,0,161.4,0
105,45,7,2,0,2,60.5,1
105,46,7,1,0,0,101.0,1
105,47,3,1,0,0,80.1,0
105,48,2,1,0,0,48.5,0
105,49,2,1,0,2,55.2,0
105,50,0,0,0,0,79.1,0
105,51,7,2,0,2,41.7,1
105,52,5,1,0,1,53.6,0
105,53,8,2,0,0,93.1,1
105,54,4,1,0,0,43.4,1
105,55,6,0,0,0,62.9,1
105,56,0,0,0,1,37.4,1
105,57,4,0,0,0,33.2,0
105,58,0,0,0,0,51.3,0
105,59,0,2,0,0,167.3,0
105,60,4,0,0,0,31.4,0
106,1,0,1,0,0,30.0,0
106,2,7,1,0,0,65.0,1
106,3,5,1,0,0,101.8,1
106,4,8,2,0,0,152.1,0
106,5,3,0,0,0,102.7,0
106,6,3,1,0,0,114.7,0
106,7,2,0,0,0,41.4,0
106,8,8,1,0,0,114.7,1
106,9,4,2,0,0,66.7,0
106,10,3,0,0,0,46.8,0
106,11,8,2,0,0,119.0,1
106,12,3,1,0,0,49.4,0
106,13,2,1,0,0,35.1,0
106,14,4,1,0,0,68.4,0
106,15,6,2,0,0,125.7,1
106,16,4,1,0,2,133.4,0
106,17,4,1,0,0,131.6,1
106,18,4,1,0,0,33.0,0
106,19,7,2,0,0,68.3,1
106,20,6,2,1,0,36.3,1
106,21,7,1,0,0,109.6,0
106,22,8,2,0,0,74.4,1
106,23,3,1,0,0,36.6,0
106,24,8,0,0,0,118.5,0
106,25,2,0,0,0,74.2,0
106,26,5,1,1,0,69.5,0
106,27,8,1,0,0,68.3,0
106,28,4,1,0,0,44.8,0
106,29,0,0,0,2,77.8,0
106,30,3,1,1,0,43.2,0
106,31,3,0,0,0,50.7,0
106,32,6,1,0,0,73.1,0
106,33,3,0,0,0,66.1,0
106,34,6,1,1,0,88.0,1
106,35,2,0,1,1,62.4,1
106,36,4,1,0,0,83.1,0
106,37,6,1,0,0,82.7,1
106,38,1,0,0,0,30.0,0
106,39,4,1,0,0,28.7,0
106,40,0,0,0,0,63.3,0
106,41,8,2,1,0,82.5,1
106,42,7,1,0,0,90.1,0
106,43,1,0,0,0,20.4,1
106,44,4,1,0,0,38.9,0
106,45,4,0,0,0,38.3,0
106,46,3,1,0,0,76.8,0
106,47,1,0,0,0,18.2,0
106,48,7,1,0,0,100.1,0
106,49,3,2,1,0,52.3,0
106,50,5,2,0,0,96.9,1
106,51,2,1,0,0,54.7,1
106,52,3,0,0,0,30.8,0
106,53,3,2,0,0,88.5,1
106,54,6,1,1,0,72.7,1
106,55,5,1,0,0,82.9,1
106,56,7,1,0,0,54.5,0
106,57,7,1,0,0,60.1,1
106,58,8,2,0,0,76.7,1
106,59,6,1,0,0,30.5,1
106,60,3,1,0,0,67.9,0
107,1,3,2,0,0,108.4,1
107,2,8,1,1,0,68.1,1
107,3,1,0,0,0,20.4,0
107,4,1,0,0,2,75.8,0
107,5,6,1,1,0,92.8,1
107,6,1,1,0,2,49.9,0
107,7,0,0,0,1,110.5,0
107,8,8,2,0,0,98.7,1
107,9,3,0,0,0,37.3,0
107,10,6,1,0,0,53.1,0
107,11,8,1,1,0,102.9,0
107,12,3,0,1,1,81.3,1
107,13,3,1,0,1,22.2,1
107,14,2,0,0,0,63.7,0
107,15,5,1,0,0,77.3,0
107,16,2,0,0,0,50.5,0
107,17,6,2,0,0,55.9,0
107,18,4,1,0,1,31.4,0
107,19,2,1,0,0,32.2,0
107,20,6,2,0,0,76.4,1
107,21,7,2,1,0,98.6,1
107,22,7,2,0,0,88.4,0
107,23,7,1,0,0,124.9,1
107,24,1,0,0,0,83.6,0
107,25,5,1,1,3,34.9,1
107,26,2,1,0,0,74.6,0
107,27,1,0,0,0,38.8,0
107,28,6,2,0,0,51.9,1
107,29,8,1,0,0,133.3,0
107,30,5,1,0,0,54.0,0
107,31,5,1,0,0,81.5,0
107,32,3,2,0,0,22.2,0
107,33,4,1,0,2,32.1,0
107,34,5,0,0,0,46.0,0
107,35,7,2,0,0,75.9,0
107,36,4,0,0,0,34.7,0
107,37,8,1,0,0,77.0,1
107,38,3,1,1,0,75.6,0
107,39,4,1,0,0,144.8,1
107,40,7,1,0,0,107.4,1
107,41,5,0,1,0,35.0,0
107,42,4,1,0,0,52.6,1
107,43,5,2,0,3,86.1,1
107,44,6,1,0,0,57.9,0
107,45,2,0,0,3,30.4,0
107,46,7,2,0,0,60.8,1
107,47,8,2,0,0,91.7,1
107,48,1,0,0,0,42.4,0
107,49,0,0,0,0,37.1,0
107,50,0,0,0,1,44.0,0
107,51,7,2,0,0,44.3,1
107,52,5,1,0,0,55.8,0
107,53,4,1,0,2,122.5,0
107,54,1,0,0,0,68.6,0
107,55,7,1,0,3,61.9,1
107,56,2,0,1,0,113.0,1
107,57,0,0,0,0,30.6,0
107,58,3,2,0,0,20.1,1
107,59,8,1,0,1,65.7,0
107,60,0,0,0,0,16.3,0
108,1,5,1,0,0,71.5,0
108,2,0,0,0,0,49.9,1
108,3,0,1,0,0,24.0,0
108,4,4,1,0,0,31.8,1
108,5,3,1,0,0,75.8,1
108,6,7,2,0,0,55.1,1
108,7,6,2,0,0,91.2,1
108,8,1,1,0,0,69.0,0
108,9,0,0,0,0,33.4,0
108,10,0,0,0,0,67.1,0
108,11,5,2,0,2,131.6,1
108,12,0,0,0,2,36.9,0
108,13,4,1,0,0,69.8,1
108,14,8,1,0,0,120.6,0
108,15,2,1,0,0,23.5,0
108,16,8,2,0,0,77.6,1
108,17,3,0,0,0,58.7,0
108,18,8,1,0,0,69.6,1
108,19,8,2,1,0,144.2,1
108,20,6,0,0,0,75.1,0
108,21,8,2,1,0,87.1,1
108,22,5,2,0,0,54.2,1
108,23,3,1,0,0,85.9,0
108,24,1,0,0,0,46.1,0
108,25,2,2,0,0,95.1,0
108,26,3,2,0,0,33.9,0
108,27,0,0,0,0,31.5,0
108,28,8,0,1,0,66.8,1
108,29,7,2,0,0,127.9,1
108,30,3,1,0,0,30.4,1
108,31,4,1,0,0,36.9,0
108,32,3,1,0,0,41.1,0
108,33,2,0,0,0,44.3,0
108,34,5,1,0,3,89.8,1
108,35,2,1,0,0,70.4,0
108,36,2,1,0,0,59.5,0
108,37,6,1,0,0,114.6,0
108,38,7,2,0,2,76.5,0
108,39,3,2,0,0,57.8,1
108,40,2,1,0,0,62.9,0
108,41,8,2,0,0,117.4,0
108,42,2,0,0,0,83.8,0
108,43,5,0,0,0,102.3,0
108,44,4,1,0,3,53.3,1
108,45,2,0,0,2,32.5,0
108,46,0,0,0,1,65.0,0
108,47,4,0,0,1,63.1,0
108,48,1,0,0,0,17.4,1
108,49,8,2,0,0,92.0,1
108,50,2,0,0,2,29.3,1
108,51,2,1,0,0,25.4,0
108,52,6,1,0,0,48.1,0
108,53,5,1,1,0,76.8,1
108,54,7,1,0,0,139.3,1
108,55,1,0,0,0,96.2,0
108,56,0,0,0,0,85.0,0
108,57,2,0,1,0,65.7,0
108,58,1,1,0,0,47.5,0
108,59,0,0,0,0,54.0,0
108,60,3,0,0,0,23.7,1
109,1,3,1,0,0,74.7,0
109,2,6,1,0,0,44.0,1
109,3,7,2,1,0,47.7,1
109,4,2,0,0,0,38.7,0
109,5,0,0,0,0,44.1,0
109,6,5,0,0,0,68.9,0
109,7,7,1,0,0,165.7,1
109,8,0,2,0,0,64.0,0
109,9,8,2,0,0,98.7,1
109,10,7,0,0,0,73.6,0
109,11,5,1,0,0,76.3,1
109,12,8,2,0,0,61.7,0
109,13,3,1,0,0,22.2,0
109,14,5,1,0,0,99.2,0
109,15,8,2,0,0,118.8,1
109,16,5,2,1,0,49.8,1
109,17,3,1,0,0,47.0,0
109,18,2,0,0,0,89.1,0
109,19,0,0,1,0,23.2,0
109,20,3,0,0,0,25.5,0
109,21,3,1,0,0,62.1,0
109,22,4,0,0,0,96.1,0
109,23,6,0,0,2,91.8,0
109,24,3,1,0,0,35.2,0
109,25,3,0,0,0,71.9,0
109,26,4,2,0,0,172.0,1
109,27,7,1,0,2,66.9,1
109,28,2,0,0,0,109.1,0
109,29,7,2,0,0,93.0,1
109,30,4,0,0,0,42.8,1
109,31,1,1,0,0,18.5,0
109,32,1,0,0,0,28.3,0
109,33,2,0,0,3,49.8,0
109,34,1,2,0,0,16.0,0
109,35,7,2,1,0,112.4,1
109,36,6,2,1,0,69.2,1
109,37,4,0,0,0,46.2,0
109,38,2,1,0,0,92.2,1
109,39,8,0,1,0,62.1,0
109,40,1,1,0,0,27.4,1
109,41,3,1,0,0,59.2,1
109,42,0,1,0,0,61.6,0
109,43,1,0,1,3,30.4,0
109,44,5,2,0,0,62.7,1
109,45,6,2,1,0,57.2,1
109,46,8,1,0,0,51.2,0
109,47,6,2,0,0,133.1,1
109,48,3,1,1,0,62.3,1
109,49,1,0,0,0,53.8,0
109,50,8,2,0,0,49.3,1
109,51,8,2,0,0,53.6,1
109,52,4,2,0,0,37.3,1
109,53,6,1,1,0,96.9,1
109,54,5,1,0,2,36.7,1
109,55,4,0,0,0,45.4,1
109,56,4,0,0,0,60.1,0
109,57,7,1,0,0,50.7,1
109,58,5,2,0,0,45.9,1
109,59,8,1,1,2,131.2,0
109,60,3,0,0,0,61.4,0
110,1,1,0,0,0,23.6,0
110,2,7,0,1,0,56.9,0
110,3,6,1,0,0,54.5,1
110,4,8,1,1,0,56.6,0
110,5,5,2,0,0,62.0,1
110,6,5,2,0,0,91.5,0
110,7,4,0,0,0,64.3,0
110,8,0,0,0,3,25.6,1
110,9,6,0,0,0,108.6,0
110,10,7,1,0,0,56.7,1
110,11,5,1,1,0,141.2,0
110,12,4,1,0,0,80.2,0
110,13,0,0,0,0,52.3,0
110,14,2,1,0,0,48.5,1
110,15,5,0,0,0,82.8,1
110,16,6,1,0,0,58.2,1
110,17,0,0,0,0,5.7,0
110,18,4,0,0,0,52.6,1
110,19,6,2,0,0,51.0,1
110,20,0,0,0,0,69.0,0
110,21,5,2,0,4,38.1,1
110,22,2,0,0,0,36.8,0
110,23,8,1,0,0,78.3,0
110,24,8,1,0,0,68.9,1
110,25,2,0,0,0,84.0,0
110,26,0,1,0,0,22.3,1
110,27,3,0,0,0,64.0,0
110,28,5,2,0,0,48.1,1
110,29,4,0,1,2,47.8,0
110,30,8,2,0,0,84.0,1
110,31,7,1,0,0,51.7,0
110,32,5,1,0,0,48.9,1
110,33,6,2,0,0,92.6,0
110,34,0,0,0,0,24.5,0
110,35,7,1,0,0,73.9,0
110,36,4,1,0,0,69.4,0
110,37,0,0,0,0,28.7,0
110,38,1,1,0,0,98.6,1
110,39,1,1,0,0,52.8,1
110,40,8,2,0,0,71.4,1
110,41,5,1,1,0,45.6,1
110,42,7,2,0,0,72.7,1
110,43,1,0,0,0,22.8,0
110,44,2,0,0,0,53.7,0
110,45,3,0,1,1,90.1,0
110,46,5,2,0,0,59.9,1
110,47,0,0,0,3,27.3,0
110,48,5,1,0,0,81.8,0
110,49,3,0,0,0,55.3,0
110,50,3,1,0,0,91.2,1
110,51,2,2,0,3,17.5,1
110,52,8,2,0,1,146.7,1
110,53,1,0,0,0,17.7,0
110,54,3,0,0,1,45.3,1
110,55,8,2,1,0,94.6,1
110,56,4,0,0,0,51.1,1
110,57,0,0,0,0,13.6,1
110,58,1,0,0,0,11.1,0
110,59,6,0,0,0,75.5,0
110,60,7,1,0,0,97.3,0
111,1,4,1,1,0,57.5,1
111,2,5,2,0,2,35.5,1
111,3,3,0,0,3,33.3,1
111,4,0,0,0,0,34.2,0
111,5,0,0,0,0,27.7,0
111,6,2,1,0,0,40.8,0
111,7,8,2,0,2,115.5,1
111,8,5,0,0,0,35.7,0
111,9,7,1,0,0,95.6,1
111,10,4,2,0,4,97.7,1
111,11,7,0,0,2,126.5,1
111,12,5,2,0,0,90.2,0
111,13,5,1,0,2,234.4,1
111,14,0,0,0,0,13.5,0
111,15,3,0,0,0,76.2,1
111,16,2,1,0,0,38.4,1
111,17,1,0,0,2,99.7,0
111,18,4,0,0,0,129.4,0
111,19,6,2,0,0,63.9,1
111,20,8,2,1,0,72.6,0
111,21,7,1,1,1,52.1,1
111,22,7,2,0,0,108.2,0
111,23,4,2,0,0,71.6,1
111,24,0,1,0,0,67.1,0
111,25,8,1,1,0,55.8,1
111,26,1,0,0,1,67.5,0
111,27,0,0,0,2,115.4,0
111,28,8,1,0,0,98.4,1
111,29,4,1,0,3,56.8,1
111,30,5,1,1,0,67.5,0
111,31,2,1,0,3,29.7,1
111,32,8,1,1,2,123.8,1
111,33,7,2,0,0,44.0,0
111,34,6,1,1,0,101.6,1
111,35,0,0,0,0,33.5,0
111,36,6,2,1,0,46.0,1
111,37,4,0,0,0,88.5,0
111,38,4,1,1,3,86.1,1
111,39,5,2,1,0,149.5,1
111,40,0,0,0,3,71.7,0
111,41,8,2,0,0,72.3,1
111,42,8,2,0,0,78.2,1
111,43,6,0,0,1,53.3,1
111,44,0,0,0,0,36.9,0
111,45,1,0,0,0,32.5,0
111,46,2,2,1,0,108.7,1
111,47,2,1,0,2,51.7,1
111,48,2,1,1,0,30.2,0
111,49,8,2,0,0,75.0,1
111,50,8,2,0,0,58.3,1
111,51,5,1,0,0,101.2,1
111,52,2,1,0,1,80.7,0
111,53,1,0,1,0,29.6,0
111,54,0,0,0,0,42.2,0
111,55,8,2,0,0,98.9,1
111,56,7,2,0,2,75.3,1
111,57,3,0,0,3,98.8,0
111,58,5,2,1,1,77.0,1
111,59,7,1,0,0,60.8,0
111,60,2,1,0,0,112.1,0
112,1,8,1,0,1,146.4,1
112,2,6,2,0,0,130.9,1
112,3,2,0,0,0,22.7,0
112,4,7,0,1,0,77.3,1
112,5,0,0,0,0,50.1,0
112,6,0,1,0,0,13.5,0
112,7,7,1,0,0,159.4,0
112,8,6,2,0,1,143.5,1
112,9,3,1,1,0,164.3,0
112,10,1,0,0,0,48.4,0
112,11,6,0,0,0,72.8,1
112,12,5,2,1,0,90.6,0
112,13,7,2,0,0,95.6,1
112,14,4,2,0,0,40.0,1
112,15,8,1,0,0,59.6,1
112,16,8,2,0,0,70.5,1
112,17,8,1,0,0,110.9,0
112,18,8,1,1,0,87.5,1
112,19,2,2,0,0,58.0,1
112,20,4,1,0,0,99.7,1
112,21,7,1,0,0,69.6,1
112,22,8,2,0,0,91.7,1
112,23,1,0,0,3,32.3,0
112,24,0,0,0,0,64.0,0
112,25,3,0,0,0,74.9,0
112,26,1,0,1,0,23.3,0
112,27,5,2,0,0,34.2,0
112,28,6,0,0,0,151.0,1
112,29,7,1,0,0,129.8,0
112,30,0,1,0,0,39.9,0
112,31,4,1,0,0,36.0,0
112,32,1,0,0,0,35.2,0
112,33,2,0,0,0,37.2,1
112,34,6,2,0,0,44.6,1
112,35,8,2,0,0,70.4,1
112,36,4,1,0,0,49.0,0
112,37,7,1,0,2,90.5,0
112,38,5,1,1,0,91.2,1
112,39,7,2,0,3,49.5,1
112,40,2,2,0,0,93.8,0
112,41,7,1,0,0,63.4,0
112,42,2,0,0,0,81.8,0
112,43,5,2,0,1,94.2,1
112,44,5,2,0,0,71.9,1
112,45,7,1,0,0,77.4,0
112,46,2,2,0,0,43.9,0
112,47,8,2,0,0,65.8,0
112,48,8,1,0,0,79.6,0
112,49,2,0,0,3,68.1,0
112,50,4,1,0,0,39.5,0
112,51,3,1,0,0,57.8,0
112,52,3,0,0,0,85.4,0
112,53,7,2,0,2,105.8,1
112,54,0,0,0,0,93.6,0
112,55,8,2,1,0,69.7,1
112,56,5,1,0,0,59.0,1
112,57,7,2,0,1,62.2,1
112,58,1,0,1,2,52.1,0
112,59,0,0,0,0,28.3,0
112,60,8,1,1,0,72.4,0
113,1,4,1,0,5,90.1,1
113,2,0,0,0,0,112.1,1
113,3,2,0,0,0,76.4,0
113,4,0,1,0,0,44.0,0
113,5,4,1,0,0,32.0,0
113,6,2,0,0,6,37.6,1
113,7,4,1,0,2,44.4,1
113,8,7,1,1,0,106.8,0
113,9,6,2,1,0,80.1,1
113,10,2,0,0,0,64.2,0
113,11,1,0,0,0,24.8,0
113,12,0,0,0,0,88.4,0
113,13,3,1,0,0,39.7,1
113,14,8,1,0,0,106.9,0
113,15,5,1,0,0,61.4,0
113,16,0,0,0,0,70.2,0
113,17,2,2,0,0,141.9,0
113,18,7,2,0,0,117.5,1
113,19,4,1,0,0,100.6,0
113,20,4,1,0,2,35.2,1
113,21,0,0,0,0,5.1,0
113,22,7,2,0,0,84.1,1
113,23,0,0,0,2,45.9,0
113,24,7,2,0,0,52.0,1
113,25,4,2,0,0,23.6,0
113,26,8,1,0,3,96.4,1
113,27,7,1,0,0,46.8,1
113,28,6,1,0,0,70.2,1
113,29,0,0,0,0,53.2,0
113,30,0,0,0,0,32.2,0
113,31,4,1,0,0,54.9,1
113,32,4,0,0,0,144.0,0
113,33,8,1,0,1,56.7,1
113,34,3,0,0,0,64.8,0
113,35,0,0,0,0,35.1,0
113,36,4,0,0,0,79.8,1
113,37,4,1,0,0,36.7,1
113,38,3,2,0,0,54.1,1
113,39,6,1,0,0,103.6,1
113,40,6,2,0,3,69.0,0
113,41,5,0,0,2,32.1,0
113,42,1,0,0,0,48.5,0
113,43,4,2,0,0,96.4,1
113,44,2,1,0,0,62.6,0
113,45,7,1,0,0,73.5,1
113,46,8,1,1,0,96.6,1
113,47,4,1,0,5,60.5,1
113,48,6,2,0,0,55.1,1
113,49,3,1,0,1,26.1,0
113,50,1,0,0,0,53.5,0
113,51,7,2,0,0,71.4,1
113,52,5,1,1,2,48.1,0
113,53,5,1,0,0,48.7,1
113,54,3,1,0,0,130.7,1
113,55,1,1,0,0,60.7,0
113,56,0,0,0,0,146.5,0
113,57,4,0,0,0,41.0,1
113,58,3,1,0,0,141.1,0
113,59,1,0,0,0,65.1,0
113,60,2,0,0,3,31.1,1
114,1,3,1,0,0,94.0,1
114,2,6,1,0,0,56.3,1
114,3,2,0,1,0,57.1,0
114,4,2,1,0,0,51.1,0
114,5,6,2,0,0,40.0,0
114,6,2,1,0,0,98.6,0
114,7,6,1,0,0,82.0,0
114,8,2,0,0,0,44.9,0
114,9,2,1,0,0,35.1,0
114,10,8,2,1,1,191.5,1
114,11,0,0,0,0,49.2,0
114,12,1,0,0,3,29.0,0
114,13,3,2,0,0,100.1,1
114,14,8,2,0,0,123.5,1
114,15,8,2,0,0,119.4,1
114,16,6,1,0,0,107.0,0
114,17,6,1,0,1,45.6,0
114,18,1,0,0,2,48.3,0
114,19,2,0,0,0,40.6,1
114,20,2,2,1,0,24.0,0
114,21,4,0,1,0,95.3,1
114,22,7,1,1,1,87.8,0
114,23,7,1,1,0,120.0,0
114,24,1,0,0,2,11.4,0
114,25,1,0,0,0,78.3,0
114,26,8,2,0,0,107.7,1
114,27,3,2,0,1,81.1,0
114,28,5,2,0,0,42.5,1
114,29,5,1,0,0,108.6,0
114,30,2,0,0,0,45.1,0
114,31,3,1,0,2,106.3,0
114,32,2,0,1,2,53.9,0
114,33,7,2,0,0,70.8,0
114,34,1,0,0,0,35.2,0
114,35,3,0,1,0,58.9,0
114,36,0,0,0,0,68.8,0
114,37,6,0,0,0,104.5,0
114,38,5,2,0,2,109.9,1
114,39,3,0,1,0,75.6,1
114,40,3,1,0,0,33.1,1
114,41,2,0,0,0,47.0,0
114,42,6,1,0,1,122.3,1
114,43,5,1,0,3,74.2,1
114,44,0,0,0,3,31.8,0
114,45,4,1,0,0,38.0,0
114,46,4,0,1,0,44.2,0
114,47,8,2,1,0,110.2,1
114,48,2,0,0,0,130.4,0
114,49,5,1,0,0,47.0,0
114,50,6,0,0,0,45.7,0
114,51,3,1,0,0,55.0,0
114,52,7,2,0,0,91.4,1
114,53,4,0,0,1,33.2,0
114,54,3,0,0,1,118.7,0
114,55,1,0,0,0,129.6,0
114,56,4,1,0,0,85.4,0
114,57,6,2,1,0,62.3,1
114,58,3,1,0,0,123.4,1
114,59,0,0,0,0,20.3,0
114,60,7,2,0,0,135.0,0
115,1,3,1,0,0,101.3,0
115,2,7,1,0,0,57.5,0
115,3,5,2,0,0,87.1,0
115,4,7,2,0,0,49.8,1
115,5,8,0,0,0,100.2,0
115,6,7,2,0,3,48.4,1
115,7,8,2,0,0,116.7,1
115,8,0,0,0,0,33.2,0
115,9,4,1,0,0,69.6,1
115,10,7,1,0,4,127.4,1
115,11,7,2,0,0,160.9,0
115,12,0,0,0,0,29.2,0
115,13,7,2,0,0,59.7,1
115,14,7,2,0,0,69.7,1
115,15,7,1,1,0,84.8,0
115,16,4,1,0,0,55.6,0
115,17,6,2,0,0,48.6,1
115,18,4,1,0,0,99.8,0
115,19,4,1,0,0,29.0,0
115,20,6,0,0,0,62.8,0
115,21,0,2,0,2,20.1,1
115,22,4,2,0,0,84.9,1
115,23,5,1,1,0,87.2,0
115,24,6,2,0,0,74.2,0
115,25,0,0,0,0,34.5,1
115,26,6,1,0,0,75.9,0
115,27,3,0,0,0,30.8,0
115,28,6,1,0,0,49.8,1
115,29,6,1,0,0,111.5,0
115,30,1,0,0,0,126.6,0
115,31,7,1,0,3,49.2,1
115,32,8,1,0,0,67.8,1
115,33,8,2,0,0,48.5,0
115,34,2,1,0,0,28.2,1
115,35,4,0,0,0,62.9,0
115,36,2,1,0,0,30.5,0
115,37,8,2,1,0,177.9,1
115,38,5,1,0,0,42.3,0
115,39,4,1,0,0,139.5,1
115,40,0,0,0,0,22.7,0
115,41,7,2,0,1,106.5,1
115,42,0,0,0,0,19.2,0
115,43,0,0,0,0,6.8,0
115,44,5,1,0,0,87.5,0
115,45,8,2,0,0,68.6,1
115,46,2,2,0,0,27.1,1
115,47,3,2,0,0,95.5,1
115,48,8,0,1,0,50.6,0
115,49,0,0,0,0,49.2,0
115,50,5,2,0,0,106.6,0
115,51,2,1,0,0,70.5,0
115,52,3,1,0,0,31.3,0
115,53,3,1,1,0,92.0,1
115,54,7,2,0,0,142.4,1
115,55,2,2,0,0,98.2,1
115,56,4,0,0,0,37.7,0
115,57,7,2,0,0,123.3,0
115,58,3,1,0,0,47.2,0
115,59,4,1,0,0,49.9,0
115,60,2,0,0,0,30.3,0
116,1,1,0,0,0,123.2,0
116,2,2,0,0,0,63.7,0
116,3,8,1,0,0,154.2,1
116,4,5,1,0,0,53.1,1
116,5,0,0,0,0,123.7,0
116,6,2,1,0,0,92.2,0
116,7,8,2,0,0,67.9,1
116,8,8,2,0,0,58.7,1
116,9,2,2,0,0,146.7,0
116,10,3,0,1,4,22.6,0
116,11,2,1,0,0,31.3,0
116,12,6,0,0,0,67.8,0
116,13,6,2,1,0,122.5,1
116,14,1,1,0,0,48.7,0
116,15,4,1,0,0,67.7,1
116,16,4,0,0,0,81.1,0
116,17,4,2,0,1,106.7,1
116,18,5,1,1,0,87.7,0
116,19,4,1,0,0,100.2,1
116,20,6,2,0,0,100.1,1
116,21,0,0,0,0,36.6,0
116,22,2,0,0,0,43.2,0
116,23,4,2,0,0,97.7,1
116,24,1,0,0,0,105.7,0
116,25,0,0,0,0,20.2,0
116,26,2,0,0,3,76.5,0
116,27,7,2,0,0,56.6,1
116,28,4,0,0,0,177.4,0
116,29,4,1,0,0,67.6,0
116,30,6,1,1,0,74.9,0
116,31,5,2,0,0,98.7,1
116,32,3,0,0,0,101.4,0
116,33,7,1,0,0,67.4,0
116,34,0,0,0,0,126.4,0
116,35,7,2,0,1,88.4,0
116,36,5,1,1,0,187.9,1
116,37,6,1,0,0,80.3,0
116,38,6,0,0,0,87.1,1
116,39,0,0,0,0,29.9,0
116,40,1,0,0,0,92.0,1
116,41,5,1,0,0,71.3,0
116,42,4,1,0,0,47.4,1
116,43,3,0,0,0,42.4,0
116,44,1,0,0,0,35.1,0
116,45,8,2,1,0,101.3,0
116,46,5,2,0,0,95.9,1
116,47,0,0,0,3,30.8,0
116,48,4,1,0,0,24.2,0
116,49,1,0,0,0,52.3,0
116,50,6,2,0,3,123.6,1
116,51,4,1,0,0,84.3,1
116,52,3,0,0,0,58.3,0
116,53,5,1,0,0,75.4,0
116,54,3,0,0,0,54.8,0
116,55,4,1,0,0,85.2,1
116,56,3,2,0,0,67.2,1
116,57,5,2,0,0,66.5,1
116,58,5,2,1,0,40.4,1
116,59,4,0,0,0,49.3,0
116,60,1,0,0,0,65.6,0
117,1,3,1,0,0,75.4,0
117,2,3,2,0,0,68.8,1
117,3,5,1,0,0,65.7,0
117,4,3,1,0,0,85.3,0
117,5,7,1,0,0,127.5,0
117,6,6,1,0,0,96.6,1
117,7,0,1,0,0,82.8,1
117,8,1,0,0,0,109.2,1
117,9,3,0,0,0,70.8,1
117,10,7,2,0,3,92.0,1
117,11,8,1,0,0,109.1,1
117,12,2,0,0,3,73.5,0
117,13,0,1,0,0,25.9,0
117,14,0,1,0,0,17.4,0
117,15,5,1,0,0,99.5,1
117,16,7,1,0,3,58.6,1
117,17,3,0,1,2,24.4,0
117,18,2,2,0,1,28.2,1
117,19,7,2,1,1,56.2,1
117,20,2,0,0,0,121.7,0
117,21,7,2,0,3,141.2,1
117,22,0,0,0,0,118.4,0
117,23,0,0,0,1,10.6,0
117,24,6,1,0,1,32.4,1
117,25,8,1,0,0,65.8,1
117,26,0,0,0,0,59.6,0
117,27,0,0,0,0,86.0,0
117,28,1,1,0,0,64.8,0
117,29,8,1,0,0,85.8,1
117,30,4,0,1,0,37.3,1
117,31,6,0,1,0,98.1,0
117,32,2,0,0,0,29.9,0
117,33,7,1,0,0,83.2,0
117,34,1,0,0,0,11.9,0
117,35,8,1,1,0,62.3,1
117,36,4,1,0,0,36.3,0
117,37,0,0,0,0,51.6,0
117,38,7,2,0,0,67.5,1
117,39,4,2,0,0,63.0,1
117,40,6,2,0,0,54.1,0
117,41,2,0,0,0,66.7,0
117,42,3,1,0,0,104.2,0
117,43,5,2,0,0,35.9,1
117,44,3,0,0,0,36.2,0
117,45,5,1,1,0,77.0,0
117,46,0,0,0,0,18.4,1
117,47,5,1,0,0,47.6,1
117,48,4,0,0,0,61.4,0
117,49,2,0,0,0,60.6,1
117,50,5,0,0,0,80.9,1
117,51,6,2,0,0,91.8,1
117,52,1,1,0,0,51.4,0
117,53,0,0,0,0,52.5,0
117,54,3,2,0,0,38.8,1
117,55,6,2,0,0,80.6,1
117,56,8,2,0,0,67.6,1
117,57,7,1,0,1,51.3,1
117,58,6,1,0,0,37.0,1
117,59,4,0,0,0,39.1,0
117,60,2,1,0,0,30.9,0
118,1,5,0,0,0,79.5,0
118,2,8,2,0,0,105.8,1
118,3,3,1,1,0,67.7,0
118,4,5,1,0,0,57.2,0
118,5,1,0,0,0,152.2,0
118,6,7,2,1,0,98.6,1
118,7,2,1,0,0,48.2,0
118,8,2,0,0,0,69.0,0
118,9,4,2,0,0,30.3,1
118,10,7,1,0,0,66.4,0
118,11,3,0,0,0,39.6,1
118,12,8,0,1,0,62.9,1
118,13,1,0,1,2,21.4,0
118,14,1,0,0,0,17.2,0
118,15,2,0,1,0,16.8,0
118,16,5,1,1,0,50.7,1
118,17,3,0,0,0,38.1,0
118,18,0,0,0,0,113.2,0
118,19,4,1,0,0,157.0,0
118,20,4,0,0,0,51.8,0
118,21,2,0,0,0,74.1,1
118,22,5,2,0,0,104.5,1
118,23,3,1,0,0,91.7,0
118,24,2,0,0,0,21.0,0
118,25,5,1,0,0,39.2,0
118,26,5,1,0,0,105.7,1
118,27,2,0,0,1,54.8,0
118,28,0,1,0,0,85.1,0
118,29,1,0,0,0,90.1,0
118,30,6,2,0,0,137.8,1
118,31,3,0,0,0,136.7,0
118,32,7,2,0,0,97.9,1
118,33,5,2,0,0,65.9,1
118,34,3,1,0,0,67.5,0
118,35,4,0,1,0,44.1,0
118,36,3,1,0,0,61.3,1
118,37,4,1,0,0,57.4,0
118,38,4,0,0,0,35.0,0
118,39,2,0,0,0,70.8,0
118,40,4,1,0,0,49.2,1
118,41,1,0,0,0,58.4,0
118,42,7,1,0,0,46.4,1
118,43,4,0,0,0,62.9,0
118,44,3,1,1,0,63.6,1
118,45,4,0,0,2,31.8,0
118,46,0,0,0,0,19.8,0
118,47,8,2,0,0,67.9,1
118,48,6,2,0,0,47.7,1
118,49,3,0,0,0,44.7,0
118,50,6,1,0,0,63.5,0
118,51,4,1,0,0,207.8,0
118,52,7,1,0,3,44.8,1
118,53,8,1,0,0,141.8,1
118,54,2,0,0,0,45.8,0
118,55,7,2,0,0,76.3,1
118,56,5,1,1,0,78.1,1
118,57,8,1,0,0,66.8,0
118,58,4,1,0,0,52.1,0
118,59,5,1,0,0,53.2,0
118,60,0,0,0,0,22.1,0
119,1,0,0,0,3,63.2,0
119,2,8,2,0,2,54.7,1
119,3,7,2,1,0,72.1,1
119,4,1,1,0,0,25.2,0
119,5,5,1,0,1,75.2,1
119,6,0,0,0,0,21.4,0
119,7,2,1,0,0,102.1,0
119,8,7,2,0,0,52.1,1
119,9,3,0,0,0,54.0,0
119,10,1,0,0,0,45.3,0
119,11,4,1,0,0,46.2,0
119,12,0,0,0,0,56.2,0
119,13,0,0,0,1,20.1,0
119,14,8,1,1,1,89.5,0
119,15,1,0,1,0,32.1,0
119,16,4,2,0,2,45.1,1
119,17,4,2,0,0,46.2,1
119,18,1,0,0,0,179.1,0
119,19,8,1,0,1,65.0,1
119,20,4,0,1,3,63.1,0
119,21,0,0,0,0,36.5,0
119,22,0,0,0,0,12.3,0
119,23,2,0,0,0,28.8,0
119,24,2,0,0,0,82.7,0
119,25,7,2,0,0,63.9,1
119,26,6,2,0,1,70.3,1
119,27,8,2,0,1,152.1,1
119,28,6,2,0,0,55.3,1
119,29,5,2,0,0,105.1,0
119,30,4,0,1,0,119.1,0
119,31,1,0,0,1,25.9,0
119,32,8,1,1,0,77.3,1
119,33,0,0,0,0,96.7,0
119,34,8,2,0,0,74.8,1
119,35,8,2,0,0,65.0,0
119,36,1,0,0,0,52.9,0
119,37,4,1,0,0,72.3,1
119,38,1,0,0,0,22.2,1
119,39,3,0,0,0,35.4,0
119,40,8,2,0,0,152.8,0
119,41,5,2,0,0,168.1,1
119,42,5,0,0,0,51.6,0
119,43,2,0,0,0,42.2,0
119,44,7,1,0,3,181.0,1
119,45,8,0,0,0,121.2,0
119,46,1,1,0,0,43.3,1
119,47,8,1,0,0,63.7,1
119,48,5,2,0,0,34.7,0
119,49,8,2,0,0,111.6,1
119,50,7,2,1,0,51.6,1
119,51,6,1,0,0,58.7,0
119,52,2,0,0,0,32.5,0
119,53,2,1,0,0,46.2,0
119,54,1,1,0,0,78.8,1
119,55,7,2,0,0,138.3,1
119,56,7,2,0,3,142.0,1
119,57,6,1,0,0,105.0,1
119,58,2,1,0,0,26.5,1
119,59,6,1,0,2,75.8,0
119,60,2,0,0,0,35.2,0
120,1,0,0,0,0,12.0,0
120,2,0,0,0,0,77.8,0
120,3,1,0,0,0,181.5,0
120,4,6,2,0,3,116.9,1
120,5,1,0,0,0,22.8,0
120,6,3,1,0,3,84.5,1
120,7,1,0,0,4,25.6,0
120,8,0,0,0,0,13.5,0
120,9,1,0,0,0,34.0,0
120,10,5,1,0,1,42.8,0
120,11,7,2,1,2,74.3,1
120,12,8,2,0,0,104.1,0
120,13,3,1,0,1,35.8,0
120,14,8,2,0,0,80.6,1
120,15,7,2,1,0,95.9,1
120,16,6,1,1,3,60.1,1
120,17,2,2,1,0,120.3,1
120,18,3,0,0,0,76.8,1
120,19,4,1,1,1,31.7,0
120,20,2,2,0,0,19.2,0
120,21,5,0,0,0,85.5,0
120,22,4,1,1,0,50.5,0
120,23,6,0,0,2,56.5,1
120,24,2,1,0,0,38.6,0
120,25,1,1,0,0,26.6,0
120,26,1,1,0,0,26.7,0
120,27,4,2,0,0,34.1,1
120,28,4,0,0,3,46.3,0
120,29,1,2,0,0,26.8,0
120,30,1,1,0,3,65.5,1
120,31,3,0,0,0,114.1,0
120,32,4,0,0,0,64.1,0
120,33,1,0,0,0,35.2,0
120,34,2,1,0,0,82.1,0
120,35,5,0,1,0,31.8,0
120,36,2,1,0,0,23.4,0
120,37,4,1,0,0,68.4,0
120,38,6,0,0,2,71.8,1
120,39,6,1,0,0,111.8,1
120,40,8,2,1,0,78.6,1
120,41,6,1,0,1,63.6,1
120,42,1,0,0,0,110.8,0
120,43,2,1,0,0,35.1,0
120,44,7,2,0,0,83.3,1
120,45,1,0,0,3,62.5,0
120,46,4,2,0,3,81.0,1
120,47,3,2,1,0,50.9,0
120,48,8,0,0,0,114.1,0
120,49,7,2,0,0,60.9,1
120,50,1,1,0,0,107.1,0
120,51,2,1,0,0,44.9,0
120,52,3,2,0,2,123.0,1
120,53,1,1,0,0,32.2,0
120,54,2,0,0,0,127.5,0
120,55,2,1,0,0,45.9,0
120,56,3,1,0,0,65.7,1
120,57,7,2,0,0,118.8,1
120,58,3,0,0,0,51.6,0
120,59,2,0,0,0,114.1,0
120,60,3,2,0,0,128.1,1
